2026-04-06T07:16:14.220Z - Login Error: MongoPoolClearedError: Connection pool for ac-oh5fy8c-shard-00-01.n84fyq1.mongodb.net:27017 was cleared because another operation failed with: "connection 6 to 159.41.183.110:27017 timed out"
    at ConnectionPool.processWaitQueue (C:\Users\Administrator\Desktop\New folder\sweethub\backend\node_modules\mongodb\lib\cmap\connection_pool.js:449:82)
    at ConnectionPool.clear (C:\Users\Administrator\Desktop\New folder\sweethub\backend\node_modules\mongodb\lib\cmap\connection_pool.js:243:14)
    at updateServers (C:\Users\Administrator\Desktop\New folder\sweethub\backend\node_modules\mongodb\lib\sdam\topology.js:517:29)
    at Topology.serverUpdateHandler (C:\Users\Administrator\Desktop\New folder\sweethub\backend\node_modules\mongodb\lib\sdam\topology.js:393:9)
    at Server.<anonymous> (C:\Users\Administrator\Desktop\New folder\sweethub\backend\node_modules\mongodb\lib\sdam\topology.js:500:77)
    at Server.emit (node:events:507:28)
    at markServerUnknown (C:\Users\Administrator\Desktop\New folder\sweethub\backend\node_modules\mongodb\lib\sdam\server.js:347:12)
    at Server.handleError (C:\Users\Administrator\Desktop\New folder\sweethub\backend\node_modules\mongodb\lib\sdam\server.js:238:17)
    at C:\Users\Administrator\Desktop\New folder\sweethub\backend\node_modules\mongodb\lib\cmap\connection_pool.js:395:25
    at process.processTicksAndRejections (node:internal/process/task_queues:105:5)
2026-04-07T09:32:12.274Z - CopyProducts Error: Failed to process product: laddu (SKU: lad) - MongoServerError: E11000 duplicate key error collection: test.products index: sku_1_admin_1 dup key: { sku: "lad", admin: null }
    at InsertOneOperation.execute (C:\Users\Administrator\Desktop\sweethub_6\sweethub\backend\node_modules\mongodb\lib\operations\insert.js:51:19)
    at process.processTicksAndRejections (node:internal/process/task_queues:105:5)
    at async tryOperation (C:\Users\Administrator\Desktop\sweethub_6\sweethub\backend\node_modules\mongodb\lib\operations\execute_operation.js:207:20)
    at async executeOperation (C:\Users\Administrator\Desktop\sweethub_6\sweethub\backend\node_modules\mongodb\lib\operations\execute_operation.js:75:16)
    at async Collection.insertOne (C:\Users\Administrator\Desktop\sweethub_6\sweethub\backend\node_modules\mongodb\lib\collection.js:157:16)
2026-04-07T09:32:12.369Z - CopyProducts Error: Failed to process product: kesar (SKU: kes) - MongoServerError: E11000 duplicate key error collection: test.products index: sku_1_admin_1 dup key: { sku: "kes", admin: null }
    at InsertOneOperation.execute (C:\Users\Administrator\Desktop\sweethub_6\sweethub\backend\node_modules\mongodb\lib\operations\insert.js:51:19)
    at process.processTicksAndRejections (node:internal/process/task_queues:105:5)
    at async tryOperation (C:\Users\Administrator\Desktop\sweethub_6\sweethub\backend\node_modules\mongodb\lib\operations\execute_operation.js:207:20)
    at async executeOperation (C:\Users\Administrator\Desktop\sweethub_6\sweethub\backend\node_modules\mongodb\lib\operations\execute_operation.js:75:16)
    at async Collection.insertOne (C:\Users\Administrator\Desktop\sweethub_6\sweethub\backend\node_modules\mongodb\lib\collection.js:157:16)
2026-04-07T09:32:12.463Z - CopyProducts Error: Failed to process product: katli (SKU: kat) - MongoServerError: E11000 duplicate key error collection: test.products index: sku_1_admin_1 dup key: { sku: "kat", admin: null }
    at InsertOneOperation.execute (C:\Users\Administrator\Desktop\sweethub_6\sweethub\backend\node_modules\mongodb\lib\operations\insert.js:51:19)
    at process.processTicksAndRejections (node:internal/process/task_queues:105:5)
    at async tryOperation (C:\Users\Administrator\Desktop\sweethub_6\sweethub\backend\node_modules\mongodb\lib\operations\execute_operation.js:207:20)
    at async executeOperation (C:\Users\Administrator\Desktop\sweethub_6\sweethub\backend\node_modules\mongodb\lib\operations\execute_operation.js:75:16)
    at async Collection.insertOne (C:\Users\Administrator\Desktop\sweethub_6\sweethub\backend\node_modules\mongodb\lib\collection.js:157:16)
2026-04-07T09:32:12.554Z - CopyProducts Error: Failed to process product: kaju (SKU: kli) - MongoServerError: E11000 duplicate key error collection: test.products index: sku_1_admin_1 dup key: { sku: "kli", admin: null }
    at InsertOneOperation.execute (C:\Users\Administrator\Desktop\sweethub_6\sweethub\backend\node_modules\mongodb\lib\operations\insert.js:51:19)
    at process.processTicksAndRejections (node:internal/process/task_queues:105:5)
    at async tryOperation (C:\Users\Administrator\Desktop\sweethub_6\sweethub\backend\node_modules\mongodb\lib\operations\execute_operation.js:207:20)
    at async executeOperation (C:\Users\Administrator\Desktop\sweethub_6\sweethub\backend\node_modules\mongodb\lib\operations\execute_operation.js:75:16)
    at async Collection.insertOne (C:\Users\Administrator\Desktop\sweethub_6\sweethub\backend\node_modules\mongodb\lib\collection.js:157:16)
2026-04-07T09:32:12.642Z - CopyProducts Error: Failed to process product: kattari (SKU: katri) - MongoServerError: E11000 duplicate key error collection: test.products index: sku_1_admin_1 dup key: { sku: "katri", admin: null }
    at InsertOneOperation.execute (C:\Users\Administrator\Desktop\sweethub_6\sweethub\backend\node_modules\mongodb\lib\operations\insert.js:51:19)
    at process.processTicksAndRejections (node:internal/process/task_queues:105:5)
    at async tryOperation (C:\Users\Administrator\Desktop\sweethub_6\sweethub\backend\node_modules\mongodb\lib\operations\execute_operation.js:207:20)
    at async executeOperation (C:\Users\Administrator\Desktop\sweethub_6\sweethub\backend\node_modules\mongodb\lib\operations\execute_operation.js:75:16)
    at async Collection.insertOne (C:\Users\Administrator\Desktop\sweethub_6\sweethub\backend\node_modules\mongodb\lib\collection.js:157:16)
2026-04-07T09:32:12.731Z - CopyProducts Error: Failed to process product: white (SKU: cks) - MongoServerError: E11000 duplicate key error collection: test.products index: sku_1_admin_1 dup key: { sku: "cks", admin: null }
    at InsertOneOperation.execute (C:\Users\Administrator\Desktop\sweethub_6\sweethub\backend\node_modules\mongodb\lib\operations\insert.js:51:19)
    at process.processTicksAndRejections (node:internal/process/task_queues:105:5)
    at async tryOperation (C:\Users\Administrator\Desktop\sweethub_6\sweethub\backend\node_modules\mongodb\lib\operations\execute_operation.js:207:20)
    at async executeOperation (C:\Users\Administrator\Desktop\sweethub_6\sweethub\backend\node_modules\mongodb\lib\operations\execute_operation.js:75:16)
    at async Collection.insertOne (C:\Users\Administrator\Desktop\sweethub_6\sweethub\backend\node_modules\mongodb\lib\collection.js:157:16)
2026-04-07T09:32:12.819Z - CopyProducts Error: Failed to process product: orange (SKU: cksd) - MongoServerError: E11000 duplicate key error collection: test.products index: sku_1_admin_1 dup key: { sku: "cksd", admin: null }
    at InsertOneOperation.execute (C:\Users\Administrator\Desktop\sweethub_6\sweethub\backend\node_modules\mongodb\lib\operations\insert.js:51:19)
    at process.processTicksAndRejections (node:internal/process/task_queues:105:5)
    at async tryOperation (C:\Users\Administrator\Desktop\sweethub_6\sweethub\backend\node_modules\mongodb\lib\operations\execute_operation.js:207:20)
    at async executeOperation (C:\Users\Administrator\Desktop\sweethub_6\sweethub\backend\node_modules\mongodb\lib\operations\execute_operation.js:75:16)
    at async Collection.insertOne (C:\Users\Administrator\Desktop\sweethub_6\sweethub\backend\node_modules\mongodb\lib\collection.js:157:16)
2026-04-07T09:32:12.911Z - CopyProducts Error: Failed to process product: pre-sweets (SKU: cksas) - MongoServerError: E11000 duplicate key error collection: test.products index: sku_1_admin_1 dup key: { sku: "cksas", admin: null }
    at InsertOneOperation.execute (C:\Users\Administrator\Desktop\sweethub_6\sweethub\backend\node_modules\mongodb\lib\operations\insert.js:51:19)
    at process.processTicksAndRejections (node:internal/process/task_queues:105:5)
    at async tryOperation (C:\Users\Administrator\Desktop\sweethub_6\sweethub\backend\node_modules\mongodb\lib\operations\execute_operation.js:207:20)
    at async executeOperation (C:\Users\Administrator\Desktop\sweethub_6\sweethub\backend\node_modules\mongodb\lib\operations\execute_operation.js:75:16)
    at async Collection.insertOne (C:\Users\Administrator\Desktop\sweethub_6\sweethub\backend\node_modules\mongodb\lib\collection.js:157:16)
2026-04-07T09:32:13.000Z - CopyProducts Error: Failed to process product: burger (SKU: bg) - MongoServerError: E11000 duplicate key error collection: test.products index: sku_1_admin_1 dup key: { sku: "bg", admin: null }
    at InsertOneOperation.execute (C:\Users\Administrator\Desktop\sweethub_6\sweethub\backend\node_modules\mongodb\lib\operations\insert.js:51:19)
    at process.processTicksAndRejections (node:internal/process/task_queues:105:5)
    at async tryOperation (C:\Users\Administrator\Desktop\sweethub_6\sweethub\backend\node_modules\mongodb\lib\operations\execute_operation.js:207:20)
    at async executeOperation (C:\Users\Administrator\Desktop\sweethub_6\sweethub\backend\node_modules\mongodb\lib\operations\execute_operation.js:75:16)
    at async Collection.insertOne (C:\Users\Administrator\Desktop\sweethub_6\sweethub\backend\node_modules\mongodb\lib\collection.js:157:16)
2026-04-07T09:32:13.088Z - CopyProducts Error: Failed to process product: bro (SKU: br) - MongoServerError: E11000 duplicate key error collection: test.products index: sku_1_admin_1 dup key: { sku: "br", admin: null }
    at InsertOneOperation.execute (C:\Users\Administrator\Desktop\sweethub_6\sweethub\backend\node_modules\mongodb\lib\operations\insert.js:51:19)
    at process.processTicksAndRejections (node:internal/process/task_queues:105:5)
    at async tryOperation (C:\Users\Administrator\Desktop\sweethub_6\sweethub\backend\node_modules\mongodb\lib\operations\execute_operation.js:207:20)
    at async executeOperation (C:\Users\Administrator\Desktop\sweethub_6\sweethub\backend\node_modules\mongodb\lib\operations\execute_operation.js:75:16)
    at async Collection.insertOne (C:\Users\Administrator\Desktop\sweethub_6\sweethub\backend\node_modules\mongodb\lib\collection.js:157:16)
2026-04-07T09:32:13.179Z - CopyProducts Error: Failed to process product: DAL MIXTURE (SKU: PROD-1773128098090-937) - MongoServerError: E11000 duplicate key error collection: test.products index: sku_1_admin_1 dup key: { sku: "PROD-1773128098090-937", admin: null }
    at InsertOneOperation.execute (C:\Users\Administrator\Desktop\sweethub_6\sweethub\backend\node_modules\mongodb\lib\operations\insert.js:51:19)
    at process.processTicksAndRejections (node:internal/process/task_queues:105:5)
    at async tryOperation (C:\Users\Administrator\Desktop\sweethub_6\sweethub\backend\node_modules\mongodb\lib\operations\execute_operation.js:207:20)
    at async executeOperation (C:\Users\Administrator\Desktop\sweethub_6\sweethub\backend\node_modules\mongodb\lib\operations\execute_operation.js:75:16)
    at async Collection.insertOne (C:\Users\Administrator\Desktop\sweethub_6\sweethub\backend\node_modules\mongodb\lib\collection.js:157:16)
2026-04-07T09:32:13.268Z - CopyProducts Error: Failed to process product: cakes (SKU: PROD-1773205338667-253) - MongoServerError: E11000 duplicate key error collection: test.products index: sku_1_admin_1 dup key: { sku: "PROD-1773205338667-253", admin: null }
    at InsertOneOperation.execute (C:\Users\Administrator\Desktop\sweethub_6\sweethub\backend\node_modules\mongodb\lib\operations\insert.js:51:19)
    at process.processTicksAndRejections (node:internal/process/task_queues:105:5)
    at async tryOperation (C:\Users\Administrator\Desktop\sweethub_6\sweethub\backend\node_modules\mongodb\lib\operations\execute_operation.js:207:20)
    at async executeOperation (C:\Users\Administrator\Desktop\sweethub_6\sweethub\backend\node_modules\mongodb\lib\operations\execute_operation.js:75:16)
    at async Collection.insertOne (C:\Users\Administrator\Desktop\sweethub_6\sweethub\backend\node_modules\mongodb\lib\collection.js:157:16)
2026-04-07T09:32:13.359Z - CopyProducts Error: Failed to process product: milk (SKU: PR) - MongoServerError: E11000 duplicate key error collection: test.products index: sku_1_admin_1 dup key: { sku: "PR", admin: null }
    at InsertOneOperation.execute (C:\Users\Administrator\Desktop\sweethub_6\sweethub\backend\node_modules\mongodb\lib\operations\insert.js:51:19)
    at process.processTicksAndRejections (node:internal/process/task_queues:105:5)
    at async tryOperation (C:\Users\Administrator\Desktop\sweethub_6\sweethub\backend\node_modules\mongodb\lib\operations\execute_operation.js:207:20)
    at async executeOperation (C:\Users\Administrator\Desktop\sweethub_6\sweethub\backend\node_modules\mongodb\lib\operations\execute_operation.js:75:16)
    at async Collection.insertOne (C:\Users\Administrator\Desktop\sweethub_6\sweethub\backend\node_modules\mongodb\lib\collection.js:157:16)
2026-04-07T09:32:13.448Z - CopyProducts Error: Failed to process product: laddu (SKU: la) - MongoServerError: E11000 duplicate key error collection: test.products index: sku_1_admin_1 dup key: { sku: "la", admin: null }
    at InsertOneOperation.execute (C:\Users\Administrator\Desktop\sweethub_6\sweethub\backend\node_modules\mongodb\lib\operations\insert.js:51:19)
    at process.processTicksAndRejections (node:internal/process/task_queues:105:5)
    at async tryOperation (C:\Users\Administrator\Desktop\sweethub_6\sweethub\backend\node_modules\mongodb\lib\operations\execute_operation.js:207:20)
    at async executeOperation (C:\Users\Administrator\Desktop\sweethub_6\sweethub\backend\node_modules\mongodb\lib\operations\execute_operation.js:75:16)
    at async Collection.insertOne (C:\Users\Administrator\Desktop\sweethub_6\sweethub\backend\node_modules\mongodb\lib\collection.js:157:16)
2026-04-07T09:32:13.536Z - CopyProducts Error: Failed to process product: got (SKU: ka) - MongoServerError: E11000 duplicate key error collection: test.products index: sku_1_admin_1 dup key: { sku: "ka", admin: null }
    at InsertOneOperation.execute (C:\Users\Administrator\Desktop\sweethub_6\sweethub\backend\node_modules\mongodb\lib\operations\insert.js:51:19)
    at process.processTicksAndRejections (node:internal/process/task_queues:105:5)
    at async tryOperation (C:\Users\Administrator\Desktop\sweethub_6\sweethub\backend\node_modules\mongodb\lib\operations\execute_operation.js:207:20)
    at async executeOperation (C:\Users\Administrator\Desktop\sweethub_6\sweethub\backend\node_modules\mongodb\lib\operations\execute_operation.js:75:16)
    at async Collection.insertOne (C:\Users\Administrator\Desktop\sweethub_6\sweethub\backend\node_modules\mongodb\lib\collection.js:157:16)
2026-04-07T09:32:13.624Z - CopyProducts Error: Failed to process product: e2 (SKU: PROD-) - MongoServerError: E11000 duplicate key error collection: test.products index: sku_1_admin_1 dup key: { sku: "PROD-", admin: null }
    at InsertOneOperation.execute (C:\Users\Administrator\Desktop\sweethub_6\sweethub\backend\node_modules\mongodb\lib\operations\insert.js:51:19)
    at process.processTicksAndRejections (node:internal/process/task_queues:105:5)
    at async tryOperation (C:\Users\Administrator\Desktop\sweethub_6\sweethub\backend\node_modules\mongodb\lib\operations\execute_operation.js:207:20)
    at async executeOperation (C:\Users\Administrator\Desktop\sweethub_6\sweethub\backend\node_modules\mongodb\lib\operations\execute_operation.js:75:16)
    at async Collection.insertOne (C:\Users\Administrator\Desktop\sweethub_6\sweethub\backend\node_modules\mongodb\lib\collection.js:157:16)
2026-04-07T09:32:13.712Z - CopyProducts Error: Failed to process product: f (SKU: bgi) - MongoServerError: E11000 duplicate key error collection: test.products index: sku_1_admin_1 dup key: { sku: "bgi", admin: null }
    at InsertOneOperation.execute (C:\Users\Administrator\Desktop\sweethub_6\sweethub\backend\node_modules\mongodb\lib\operations\insert.js:51:19)
    at process.processTicksAndRejections (node:internal/process/task_queues:105:5)
    at async tryOperation (C:\Users\Administrator\Desktop\sweethub_6\sweethub\backend\node_modules\mongodb\lib\operations\execute_operation.js:207:20)
    at async executeOperation (C:\Users\Administrator\Desktop\sweethub_6\sweethub\backend\node_modules\mongodb\lib\operations\execute_operation.js:75:16)
    at async Collection.insertOne (C:\Users\Administrator\Desktop\sweethub_6\sweethub\backend\node_modules\mongodb\lib\collection.js:157:16)
2026-04-07T09:32:13.804Z - CopyProducts Error: Failed to process product: i (SKU: P) - MongoServerError: E11000 duplicate key error collection: test.products index: sku_1_admin_1 dup key: { sku: "P", admin: null }
    at InsertOneOperation.execute (C:\Users\Administrator\Desktop\sweethub_6\sweethub\backend\node_modules\mongodb\lib\operations\insert.js:51:19)
    at process.processTicksAndRejections (node:internal/process/task_queues:105:5)
    at async tryOperation (C:\Users\Administrator\Desktop\sweethub_6\sweethub\backend\node_modules\mongodb\lib\operations\execute_operation.js:207:20)
    at async executeOperation (C:\Users\Administrator\Desktop\sweethub_6\sweethub\backend\node_modules\mongodb\lib\operations\execute_operation.js:75:16)
    at async Collection.insertOne (C:\Users\Administrator\Desktop\sweethub_6\sweethub\backend\node_modules\mongodb\lib\collection.js:157:16)
2026-04-07T09:32:13.892Z - CopyProducts Error: Failed to process product: biriyani (SKU: bir) - MongoServerError: E11000 duplicate key error collection: test.products index: sku_1_admin_1 dup key: { sku: "bir", admin: null }
    at InsertOneOperation.execute (C:\Users\Administrator\Desktop\sweethub_6\sweethub\backend\node_modules\mongodb\lib\operations\insert.js:51:19)
    at process.processTicksAndRejections (node:internal/process/task_queues:105:5)
    at async tryOperation (C:\Users\Administrator\Desktop\sweethub_6\sweethub\backend\node_modules\mongodb\lib\operations\execute_operation.js:207:20)
    at async executeOperation (C:\Users\Administrator\Desktop\sweethub_6\sweethub\backend\node_modules\mongodb\lib\operations\execute_operation.js:75:16)
    at async Collection.insertOne (C:\Users\Administrator\Desktop\sweethub_6\sweethub\backend\node_modules\mongodb\lib\collection.js:157:16)
2026-04-07T09:32:13.981Z - CopyProducts Error: Failed to process product: jam (SKU: PROD-1773) - MongoServerError: E11000 duplicate key error collection: test.products index: sku_1_admin_1 dup key: { sku: "PROD-1773", admin: null }
    at InsertOneOperation.execute (C:\Users\Administrator\Desktop\sweethub_6\sweethub\backend\node_modules\mongodb\lib\operations\insert.js:51:19)
    at process.processTicksAndRejections (node:internal/process/task_queues:105:5)
    at async tryOperation (C:\Users\Administrator\Desktop\sweethub_6\sweethub\backend\node_modules\mongodb\lib\operations\execute_operation.js:207:20)
    at async executeOperation (C:\Users\Administrator\Desktop\sweethub_6\sweethub\backend\node_modules\mongodb\lib\operations\execute_operation.js:75:16)
    at async Collection.insertOne (C:\Users\Administrator\Desktop\sweethub_6\sweethub\backend\node_modules\mongodb\lib\collection.js:157:16)
2026-04-07T09:32:14.067Z - CopyProducts Error: Failed to process product: MIXTURE (SKU: MIX) - MongoServerError: E11000 duplicate key error collection: test.products index: sku_1_admin_1 dup key: { sku: "MIX", admin: null }
    at InsertOneOperation.execute (C:\Users\Administrator\Desktop\sweethub_6\sweethub\backend\node_modules\mongodb\lib\operations\insert.js:51:19)
    at process.processTicksAndRejections (node:internal/process/task_queues:105:5)
    at async tryOperation (C:\Users\Administrator\Desktop\sweethub_6\sweethub\backend\node_modules\mongodb\lib\operations\execute_operation.js:207:20)
    at async executeOperation (C:\Users\Administrator\Desktop\sweethub_6\sweethub\backend\node_modules\mongodb\lib\operations\execute_operation.js:75:16)
    at async Collection.insertOne (C:\Users\Administrator\Desktop\sweethub_6\sweethub\backend\node_modules\mongodb\lib\collection.js:157:16)
2026-04-07T09:32:14.154Z - CopyProducts Error: Failed to process product: hell (SKU: PROD-1773128) - MongoServerError: E11000 duplicate key error collection: test.products index: sku_1_admin_1 dup key: { sku: "PROD-1773128", admin: null }
    at InsertOneOperation.execute (C:\Users\Administrator\Desktop\sweethub_6\sweethub\backend\node_modules\mongodb\lib\operations\insert.js:51:19)
    at process.processTicksAndRejections (node:internal/process/task_queues:105:5)
    at async tryOperation (C:\Users\Administrator\Desktop\sweethub_6\sweethub\backend\node_modules\mongodb\lib\operations\execute_operation.js:207:20)
    at async executeOperation (C:\Users\Administrator\Desktop\sweethub_6\sweethub\backend\node_modules\mongodb\lib\operations\execute_operation.js:75:16)
    at async Collection.insertOne (C:\Users\Administrator\Desktop\sweethub_6\sweethub\backend\node_modules\mongodb\lib\collection.js:157:16)
2026-04-07T09:32:14.243Z - CopyProducts Error: Failed to process product: heal (SKU: he) - MongoServerError: E11000 duplicate key error collection: test.products index: sku_1_admin_1 dup key: { sku: "he", admin: null }
    at InsertOneOperation.execute (C:\Users\Administrator\Desktop\sweethub_6\sweethub\backend\node_modules\mongodb\lib\operations\insert.js:51:19)
    at process.processTicksAndRejections (node:internal/process/task_queues:105:5)
    at async tryOperation (C:\Users\Administrator\Desktop\sweethub_6\sweethub\backend\node_modules\mongodb\lib\operations\execute_operation.js:207:20)
    at async executeOperation (C:\Users\Administrator\Desktop\sweethub_6\sweethub\backend\node_modules\mongodb\lib\operations\execute_operation.js:75:16)
    at async Collection.insertOne (C:\Users\Administrator\Desktop\sweethub_6\sweethub\backend\node_modules\mongodb\lib\collection.js:157:16)
2026-04-07T09:32:14.330Z - CopyProducts Error: Failed to process product: sam (SKU: PROD-17734666240) - MongoServerError: E11000 duplicate key error collection: test.products index: sku_1_admin_1 dup key: { sku: "PROD-17734666240", admin: null }
    at InsertOneOperation.execute (C:\Users\Administrator\Desktop\sweethub_6\sweethub\backend\node_modules\mongodb\lib\operations\insert.js:51:19)
    at process.processTicksAndRejections (node:internal/process/task_queues:105:5)
    at async tryOperation (C:\Users\Administrator\Desktop\sweethub_6\sweethub\backend\node_modules\mongodb\lib\operations\execute_operation.js:207:20)
    at async executeOperation (C:\Users\Administrator\Desktop\sweethub_6\sweethub\backend\node_modules\mongodb\lib\operations\execute_operation.js:75:16)
    at async Collection.insertOne (C:\Users\Administrator\Desktop\sweethub_6\sweethub\backend\node_modules\mongodb\lib\collection.js:157:16)
2026-04-07T09:32:14.426Z - CopyProducts Error: Failed to process product: alwa (SKU: PROD-1773495193196-819) - MongoServerError: E11000 duplicate key error collection: test.products index: sku_1_admin_1 dup key: { sku: "PROD-1773495193196-819", admin: null }
    at InsertOneOperation.execute (C:\Users\Administrator\Desktop\sweethub_6\sweethub\backend\node_modules\mongodb\lib\operations\insert.js:51:19)
    at process.processTicksAndRejections (node:internal/process/task_queues:105:5)
    at async tryOperation (C:\Users\Administrator\Desktop\sweethub_6\sweethub\backend\node_modules\mongodb\lib\operations\execute_operation.js:207:20)
    at async executeOperation (C:\Users\Administrator\Desktop\sweethub_6\sweethub\backend\node_modules\mongodb\lib\operations\execute_operation.js:75:16)
    at async Collection.insertOne (C:\Users\Administrator\Desktop\sweethub_6\sweethub\backend\node_modules\mongodb\lib\collection.js:157:16)
2026-04-07T09:32:14.510Z - CopyProducts Error: Failed to process product: hi (SKU: P73495193196-819) - MongoServerError: E11000 duplicate key error collection: test.products index: sku_1_admin_1 dup key: { sku: "P73495193196-819", admin: null }
    at InsertOneOperation.execute (C:\Users\Administrator\Desktop\sweethub_6\sweethub\backend\node_modules\mongodb\lib\operations\insert.js:51:19)
    at process.processTicksAndRejections (node:internal/process/task_queues:105:5)
    at async tryOperation (C:\Users\Administrator\Desktop\sweethub_6\sweethub\backend\node_modules\mongodb\lib\operations\execute_operation.js:207:20)
    at async executeOperation (C:\Users\Administrator\Desktop\sweethub_6\sweethub\backend\node_modules\mongodb\lib\operations\execute_operation.js:75:16)
    at async Collection.insertOne (C:\Users\Administrator\Desktop\sweethub_6\sweethub\backend\node_modules\mongodb\lib\collection.js:157:16)
2026-04-07T09:32:14.596Z - CopyProducts Error: Failed to process product: ora (SKU: cks1) - MongoServerError: E11000 duplicate key error collection: test.products index: sku_1_admin_1 dup key: { sku: "cks1", admin: null }
    at InsertOneOperation.execute (C:\Users\Administrator\Desktop\sweethub_6\sweethub\backend\node_modules\mongodb\lib\operations\insert.js:51:19)
    at process.processTicksAndRejections (node:internal/process/task_queues:105:5)
    at async tryOperation (C:\Users\Administrator\Desktop\sweethub_6\sweethub\backend\node_modules\mongodb\lib\operations\execute_operation.js:207:20)
    at async executeOperation (C:\Users\Administrator\Desktop\sweethub_6\sweethub\backend\node_modules\mongodb\lib\operations\execute_operation.js:75:16)
    at async Collection.insertOne (C:\Users\Administrator\Desktop\sweethub_6\sweethub\backend\node_modules\mongodb\lib\collection.js:157:16)
2026-04-07T09:32:14.682Z - CopyProducts Error: Failed to process product: MIX (SKU: PROD098090-937) - MongoServerError: E11000 duplicate key error collection: test.products index: sku_1_admin_1 dup key: { sku: "PROD098090-937", admin: null }
    at InsertOneOperation.execute (C:\Users\Administrator\Desktop\sweethub_6\sweethub\backend\node_modules\mongodb\lib\operations\insert.js:51:19)
    at process.processTicksAndRejections (node:internal/process/task_queues:105:5)
    at async tryOperation (C:\Users\Administrator\Desktop\sweethub_6\sweethub\backend\node_modules\mongodb\lib\operations\execute_operation.js:207:20)
    at async executeOperation (C:\Users\Administrator\Desktop\sweethub_6\sweethub\backend\node_modules\mongodb\lib\operations\execute_operation.js:75:16)
    at async Collection.insertOne (C:\Users\Administrator\Desktop\sweethub_6\sweethub\backend\node_modules\mongodb\lib\collection.js:157:16)
2026-04-07T09:32:14.770Z - CopyProducts Error: Failed to process product: kal (SKU: mi) - MongoServerError: E11000 duplicate key error collection: test.products index: sku_1_admin_1 dup key: { sku: "mi", admin: null }
    at InsertOneOperation.execute (C:\Users\Administrator\Desktop\sweethub_6\sweethub\backend\node_modules\mongodb\lib\operations\insert.js:51:19)
    at process.processTicksAndRejections (node:internal/process/task_queues:105:5)
    at async tryOperation (C:\Users\Administrator\Desktop\sweethub_6\sweethub\backend\node_modules\mongodb\lib\operations\execute_operation.js:207:20)
    at async executeOperation (C:\Users\Administrator\Desktop\sweethub_6\sweethub\backend\node_modules\mongodb\lib\operations\execute_operation.js:75:16)
    at async Collection.insertOne (C:\Users\Administrator\Desktop\sweethub_6\sweethub\backend\node_modules\mongodb\lib\collection.js:157:16)
2026-04-07T09:32:14.858Z - CopyProducts Error: Failed to process product: hiiiii (SKU: hi) - MongoServerError: E11000 duplicate key error collection: test.products index: sku_1_admin_1 dup key: { sku: "hi", admin: null }
    at InsertOneOperation.execute (C:\Users\Administrator\Desktop\sweethub_6\sweethub\backend\node_modules\mongodb\lib\operations\insert.js:51:19)
    at process.processTicksAndRejections (node:internal/process/task_queues:105:5)
    at async tryOperation (C:\Users\Administrator\Desktop\sweethub_6\sweethub\backend\node_modules\mongodb\lib\operations\execute_operation.js:207:20)
    at async executeOperation (C:\Users\Administrator\Desktop\sweethub_6\sweethub\backend\node_modules\mongodb\lib\operations\execute_operation.js:75:16)
    at async Collection.insertOne (C:\Users\Administrator\Desktop\sweethub_6\sweethub\backend\node_modules\mongodb\lib\collection.js:157:16)
2026-04-07T09:32:14.945Z - CopyProducts Error: Failed to process product: ragi mixture (SKU: ragi) - MongoServerError: E11000 duplicate key error collection: test.products index: sku_1_admin_1 dup key: { sku: "ragi", admin: null }
    at InsertOneOperation.execute (C:\Users\Administrator\Desktop\sweethub_6\sweethub\backend\node_modules\mongodb\lib\operations\insert.js:51:19)
    at process.processTicksAndRejections (node:internal/process/task_queues:105:5)
    at async tryOperation (C:\Users\Administrator\Desktop\sweethub_6\sweethub\backend\node_modules\mongodb\lib\operations\execute_operation.js:207:20)
    at async executeOperation (C:\Users\Administrator\Desktop\sweethub_6\sweethub\backend\node_modules\mongodb\lib\operations\execute_operation.js:75:16)
    at async Collection.insertOne (C:\Users\Administrator\Desktop\sweethub_6\sweethub\backend\node_modules\mongodb\lib\collection.js:157:16)
2026-04-07T09:35:52.978Z - CopyProducts Error: Failed to process product: laddu (SKU: lad) - MongoServerError: E11000 duplicate key error collection: test.products index: sku_1_admin_1 dup key: { sku: "lad", admin: null }
    at InsertOneOperation.execute (C:\Users\Administrator\Desktop\sweethub_6\sweethub\backend\node_modules\mongodb\lib\operations\insert.js:51:19)
    at process.processTicksAndRejections (node:internal/process/task_queues:105:5)
    at async tryOperation (C:\Users\Administrator\Desktop\sweethub_6\sweethub\backend\node_modules\mongodb\lib\operations\execute_operation.js:207:20)
    at async executeOperation (C:\Users\Administrator\Desktop\sweethub_6\sweethub\backend\node_modules\mongodb\lib\operations\execute_operation.js:75:16)
    at async Collection.insertOne (C:\Users\Administrator\Desktop\sweethub_6\sweethub\backend\node_modules\mongodb\lib\collection.js:157:16)
2026-04-07T09:35:53.093Z - CopyProducts Error: Failed to process product: kesar (SKU: kes) - MongoServerError: E11000 duplicate key error collection: test.products index: sku_1_admin_1 dup key: { sku: "kes", admin: null }
    at InsertOneOperation.execute (C:\Users\Administrator\Desktop\sweethub_6\sweethub\backend\node_modules\mongodb\lib\operations\insert.js:51:19)
    at process.processTicksAndRejections (node:internal/process/task_queues:105:5)
    at async tryOperation (C:\Users\Administrator\Desktop\sweethub_6\sweethub\backend\node_modules\mongodb\lib\operations\execute_operation.js:207:20)
    at async executeOperation (C:\Users\Administrator\Desktop\sweethub_6\sweethub\backend\node_modules\mongodb\lib\operations\execute_operation.js:75:16)
    at async Collection.insertOne (C:\Users\Administrator\Desktop\sweethub_6\sweethub\backend\node_modules\mongodb\lib\collection.js:157:16)
2026-04-07T09:35:53.187Z - CopyProducts Error: Failed to process product: katli (SKU: kat) - MongoServerError: E11000 duplicate key error collection: test.products index: sku_1_admin_1 dup key: { sku: "kat", admin: null }
    at InsertOneOperation.execute (C:\Users\Administrator\Desktop\sweethub_6\sweethub\backend\node_modules\mongodb\lib\operations\insert.js:51:19)
    at process.processTicksAndRejections (node:internal/process/task_queues:105:5)
    at async tryOperation (C:\Users\Administrator\Desktop\sweethub_6\sweethub\backend\node_modules\mongodb\lib\operations\execute_operation.js:207:20)
    at async executeOperation (C:\Users\Administrator\Desktop\sweethub_6\sweethub\backend\node_modules\mongodb\lib\operations\execute_operation.js:75:16)
    at async Collection.insertOne (C:\Users\Administrator\Desktop\sweethub_6\sweethub\backend\node_modules\mongodb\lib\collection.js:157:16)
2026-04-07T09:35:53.283Z - CopyProducts Error: Failed to process product: kaju (SKU: kli) - MongoServerError: E11000 duplicate key error collection: test.products index: sku_1_admin_1 dup key: { sku: "kli", admin: null }
    at InsertOneOperation.execute (C:\Users\Administrator\Desktop\sweethub_6\sweethub\backend\node_modules\mongodb\lib\operations\insert.js:51:19)
    at process.processTicksAndRejections (node:internal/process/task_queues:105:5)
    at async tryOperation (C:\Users\Administrator\Desktop\sweethub_6\sweethub\backend\node_modules\mongodb\lib\operations\execute_operation.js:207:20)
    at async executeOperation (C:\Users\Administrator\Desktop\sweethub_6\sweethub\backend\node_modules\mongodb\lib\operations\execute_operation.js:75:16)
    at async Collection.insertOne (C:\Users\Administrator\Desktop\sweethub_6\sweethub\backend\node_modules\mongodb\lib\collection.js:157:16)
2026-04-07T09:35:53.371Z - CopyProducts Error: Failed to process product: kattari (SKU: katri) - MongoServerError: E11000 duplicate key error collection: test.products index: sku_1_admin_1 dup key: { sku: "katri", admin: null }
    at InsertOneOperation.execute (C:\Users\Administrator\Desktop\sweethub_6\sweethub\backend\node_modules\mongodb\lib\operations\insert.js:51:19)
    at process.processTicksAndRejections (node:internal/process/task_queues:105:5)
    at async tryOperation (C:\Users\Administrator\Desktop\sweethub_6\sweethub\backend\node_modules\mongodb\lib\operations\execute_operation.js:207:20)
    at async executeOperation (C:\Users\Administrator\Desktop\sweethub_6\sweethub\backend\node_modules\mongodb\lib\operations\execute_operation.js:75:16)
    at async Collection.insertOne (C:\Users\Administrator\Desktop\sweethub_6\sweethub\backend\node_modules\mongodb\lib\collection.js:157:16)
2026-04-07T09:35:53.461Z - CopyProducts Error: Failed to process product: white (SKU: cks) - MongoServerError: E11000 duplicate key error collection: test.products index: sku_1_admin_1 dup key: { sku: "cks", admin: null }
    at InsertOneOperation.execute (C:\Users\Administrator\Desktop\sweethub_6\sweethub\backend\node_modules\mongodb\lib\operations\insert.js:51:19)
    at process.processTicksAndRejections (node:internal/process/task_queues:105:5)
    at async tryOperation (C:\Users\Administrator\Desktop\sweethub_6\sweethub\backend\node_modules\mongodb\lib\operations\execute_operation.js:207:20)
    at async executeOperation (C:\Users\Administrator\Desktop\sweethub_6\sweethub\backend\node_modules\mongodb\lib\operations\execute_operation.js:75:16)
    at async Collection.insertOne (C:\Users\Administrator\Desktop\sweethub_6\sweethub\backend\node_modules\mongodb\lib\collection.js:157:16)
2026-04-07T09:35:53.553Z - CopyProducts Error: Failed to process product: orange (SKU: cksd) - MongoServerError: E11000 duplicate key error collection: test.products index: sku_1_admin_1 dup key: { sku: "cksd", admin: null }
    at InsertOneOperation.execute (C:\Users\Administrator\Desktop\sweethub_6\sweethub\backend\node_modules\mongodb\lib\operations\insert.js:51:19)
    at process.processTicksAndRejections (node:internal/process/task_queues:105:5)
    at async tryOperation (C:\Users\Administrator\Desktop\sweethub_6\sweethub\backend\node_modules\mongodb\lib\operations\execute_operation.js:207:20)
    at async executeOperation (C:\Users\Administrator\Desktop\sweethub_6\sweethub\backend\node_modules\mongodb\lib\operations\execute_operation.js:75:16)
    at async Collection.insertOne (C:\Users\Administrator\Desktop\sweethub_6\sweethub\backend\node_modules\mongodb\lib\collection.js:157:16)
2026-04-07T09:35:53.644Z - CopyProducts Error: Failed to process product: pre-sweets (SKU: cksas) - MongoServerError: E11000 duplicate key error collection: test.products index: sku_1_admin_1 dup key: { sku: "cksas", admin: null }
    at InsertOneOperation.execute (C:\Users\Administrator\Desktop\sweethub_6\sweethub\backend\node_modules\mongodb\lib\operations\insert.js:51:19)
    at process.processTicksAndRejections (node:internal/process/task_queues:105:5)
    at async tryOperation (C:\Users\Administrator\Desktop\sweethub_6\sweethub\backend\node_modules\mongodb\lib\operations\execute_operation.js:207:20)
    at async executeOperation (C:\Users\Administrator\Desktop\sweethub_6\sweethub\backend\node_modules\mongodb\lib\operations\execute_operation.js:75:16)
    at async Collection.insertOne (C:\Users\Administrator\Desktop\sweethub_6\sweethub\backend\node_modules\mongodb\lib\collection.js:157:16)
2026-04-07T09:35:53.736Z - CopyProducts Error: Failed to process product: burger (SKU: bg) - MongoServerError: E11000 duplicate key error collection: test.products index: sku_1_admin_1 dup key: { sku: "bg", admin: null }
    at InsertOneOperation.execute (C:\Users\Administrator\Desktop\sweethub_6\sweethub\backend\node_modules\mongodb\lib\operations\insert.js:51:19)
    at process.processTicksAndRejections (node:internal/process/task_queues:105:5)
    at async tryOperation (C:\Users\Administrator\Desktop\sweethub_6\sweethub\backend\node_modules\mongodb\lib\operations\execute_operation.js:207:20)
    at async executeOperation (C:\Users\Administrator\Desktop\sweethub_6\sweethub\backend\node_modules\mongodb\lib\operations\execute_operation.js:75:16)
    at async Collection.insertOne (C:\Users\Administrator\Desktop\sweethub_6\sweethub\backend\node_modules\mongodb\lib\collection.js:157:16)
2026-04-07T09:35:53.828Z - CopyProducts Error: Failed to process product: bro (SKU: br) - MongoServerError: E11000 duplicate key error collection: test.products index: sku_1_admin_1 dup key: { sku: "br", admin: null }
    at InsertOneOperation.execute (C:\Users\Administrator\Desktop\sweethub_6\sweethub\backend\node_modules\mongodb\lib\operations\insert.js:51:19)
    at process.processTicksAndRejections (node:internal/process/task_queues:105:5)
    at async tryOperation (C:\Users\Administrator\Desktop\sweethub_6\sweethub\backend\node_modules\mongodb\lib\operations\execute_operation.js:207:20)
    at async executeOperation (C:\Users\Administrator\Desktop\sweethub_6\sweethub\backend\node_modules\mongodb\lib\operations\execute_operation.js:75:16)
    at async Collection.insertOne (C:\Users\Administrator\Desktop\sweethub_6\sweethub\backend\node_modules\mongodb\lib\collection.js:157:16)
2026-04-07T09:35:53.921Z - CopyProducts Error: Failed to process product: DAL MIXTURE (SKU: PROD-1773128098090-937) - MongoServerError: E11000 duplicate key error collection: test.products index: sku_1_admin_1 dup key: { sku: "PROD-1773128098090-937", admin: null }
    at InsertOneOperation.execute (C:\Users\Administrator\Desktop\sweethub_6\sweethub\backend\node_modules\mongodb\lib\operations\insert.js:51:19)
    at process.processTicksAndRejections (node:internal/process/task_queues:105:5)
    at async tryOperation (C:\Users\Administrator\Desktop\sweethub_6\sweethub\backend\node_modules\mongodb\lib\operations\execute_operation.js:207:20)
    at async executeOperation (C:\Users\Administrator\Desktop\sweethub_6\sweethub\backend\node_modules\mongodb\lib\operations\execute_operation.js:75:16)
    at async Collection.insertOne (C:\Users\Administrator\Desktop\sweethub_6\sweethub\backend\node_modules\mongodb\lib\collection.js:157:16)
2026-04-07T09:35:54.013Z - CopyProducts Error: Failed to process product: cakes (SKU: PROD-1773205338667-253) - MongoServerError: E11000 duplicate key error collection: test.products index: sku_1_admin_1 dup key: { sku: "PROD-1773205338667-253", admin: null }
    at InsertOneOperation.execute (C:\Users\Administrator\Desktop\sweethub_6\sweethub\backend\node_modules\mongodb\lib\operations\insert.js:51:19)
    at process.processTicksAndRejections (node:internal/process/task_queues:105:5)
    at async tryOperation (C:\Users\Administrator\Desktop\sweethub_6\sweethub\backend\node_modules\mongodb\lib\operations\execute_operation.js:207:20)
    at async executeOperation (C:\Users\Administrator\Desktop\sweethub_6\sweethub\backend\node_modules\mongodb\lib\operations\execute_operation.js:75:16)
    at async Collection.insertOne (C:\Users\Administrator\Desktop\sweethub_6\sweethub\backend\node_modules\mongodb\lib\collection.js:157:16)
2026-04-07T09:35:54.106Z - CopyProducts Error: Failed to process product: milk (SKU: PR) - MongoServerError: E11000 duplicate key error collection: test.products index: sku_1_admin_1 dup key: { sku: "PR", admin: null }
    at InsertOneOperation.execute (C:\Users\Administrator\Desktop\sweethub_6\sweethub\backend\node_modules\mongodb\lib\operations\insert.js:51:19)
    at process.processTicksAndRejections (node:internal/process/task_queues:105:5)
    at async tryOperation (C:\Users\Administrator\Desktop\sweethub_6\sweethub\backend\node_modules\mongodb\lib\operations\execute_operation.js:207:20)
    at async executeOperation (C:\Users\Administrator\Desktop\sweethub_6\sweethub\backend\node_modules\mongodb\lib\operations\execute_operation.js:75:16)
    at async Collection.insertOne (C:\Users\Administrator\Desktop\sweethub_6\sweethub\backend\node_modules\mongodb\lib\collection.js:157:16)
2026-04-07T09:35:54.225Z - CopyProducts Error: Failed to process product: laddu (SKU: la) - MongoServerError: E11000 duplicate key error collection: test.products index: sku_1_admin_1 dup key: { sku: "la", admin: null }
    at InsertOneOperation.execute (C:\Users\Administrator\Desktop\sweethub_6\sweethub\backend\node_modules\mongodb\lib\operations\insert.js:51:19)
    at process.processTicksAndRejections (node:internal/process/task_queues:105:5)
    at async tryOperation (C:\Users\Administrator\Desktop\sweethub_6\sweethub\backend\node_modules\mongodb\lib\operations\execute_operation.js:207:20)
    at async executeOperation (C:\Users\Administrator\Desktop\sweethub_6\sweethub\backend\node_modules\mongodb\lib\operations\execute_operation.js:75:16)
    at async Collection.insertOne (C:\Users\Administrator\Desktop\sweethub_6\sweethub\backend\node_modules\mongodb\lib\collection.js:157:16)
2026-04-07T09:35:54.327Z - CopyProducts Error: Failed to process product: got (SKU: ka) - MongoServerError: E11000 duplicate key error collection: test.products index: sku_1_admin_1 dup key: { sku: "ka", admin: null }
    at InsertOneOperation.execute (C:\Users\Administrator\Desktop\sweethub_6\sweethub\backend\node_modules\mongodb\lib\operations\insert.js:51:19)
    at process.processTicksAndRejections (node:internal/process/task_queues:105:5)
    at async tryOperation (C:\Users\Administrator\Desktop\sweethub_6\sweethub\backend\node_modules\mongodb\lib\operations\execute_operation.js:207:20)
    at async executeOperation (C:\Users\Administrator\Desktop\sweethub_6\sweethub\backend\node_modules\mongodb\lib\operations\execute_operation.js:75:16)
    at async Collection.insertOne (C:\Users\Administrator\Desktop\sweethub_6\sweethub\backend\node_modules\mongodb\lib\collection.js:157:16)
2026-04-07T09:35:54.447Z - CopyProducts Error: Failed to process product: e2 (SKU: PROD-) - MongoServerError: E11000 duplicate key error collection: test.products index: sku_1_admin_1 dup key: { sku: "PROD-", admin: null }
    at InsertOneOperation.execute (C:\Users\Administrator\Desktop\sweethub_6\sweethub\backend\node_modules\mongodb\lib\operations\insert.js:51:19)
    at process.processTicksAndRejections (node:internal/process/task_queues:105:5)
    at async tryOperation (C:\Users\Administrator\Desktop\sweethub_6\sweethub\backend\node_modules\mongodb\lib\operations\execute_operation.js:207:20)
    at async executeOperation (C:\Users\Administrator\Desktop\sweethub_6\sweethub\backend\node_modules\mongodb\lib\operations\execute_operation.js:75:16)
    at async Collection.insertOne (C:\Users\Administrator\Desktop\sweethub_6\sweethub\backend\node_modules\mongodb\lib\collection.js:157:16)
2026-04-07T09:35:54.551Z - CopyProducts Error: Failed to process product: f (SKU: bgi) - MongoServerError: E11000 duplicate key error collection: test.products index: sku_1_admin_1 dup key: { sku: "bgi", admin: null }
    at InsertOneOperation.execute (C:\Users\Administrator\Desktop\sweethub_6\sweethub\backend\node_modules\mongodb\lib\operations\insert.js:51:19)
    at process.processTicksAndRejections (node:internal/process/task_queues:105:5)
    at async tryOperation (C:\Users\Administrator\Desktop\sweethub_6\sweethub\backend\node_modules\mongodb\lib\operations\execute_operation.js:207:20)
    at async executeOperation (C:\Users\Administrator\Desktop\sweethub_6\sweethub\backend\node_modules\mongodb\lib\operations\execute_operation.js:75:16)
    at async Collection.insertOne (C:\Users\Administrator\Desktop\sweethub_6\sweethub\backend\node_modules\mongodb\lib\collection.js:157:16)
2026-04-07T09:35:54.646Z - CopyProducts Error: Failed to process product: i (SKU: P) - MongoServerError: E11000 duplicate key error collection: test.products index: sku_1_admin_1 dup key: { sku: "P", admin: null }
    at InsertOneOperation.execute (C:\Users\Administrator\Desktop\sweethub_6\sweethub\backend\node_modules\mongodb\lib\operations\insert.js:51:19)
    at process.processTicksAndRejections (node:internal/process/task_queues:105:5)
    at async tryOperation (C:\Users\Administrator\Desktop\sweethub_6\sweethub\backend\node_modules\mongodb\lib\operations\execute_operation.js:207:20)
    at async executeOperation (C:\Users\Administrator\Desktop\sweethub_6\sweethub\backend\node_modules\mongodb\lib\operations\execute_operation.js:75:16)
    at async Collection.insertOne (C:\Users\Administrator\Desktop\sweethub_6\sweethub\backend\node_modules\mongodb\lib\collection.js:157:16)
2026-04-07T09:35:54.737Z - CopyProducts Error: Failed to process product: biriyani (SKU: bir) - MongoServerError: E11000 duplicate key error collection: test.products index: sku_1_admin_1 dup key: { sku: "bir", admin: null }
    at InsertOneOperation.execute (C:\Users\Administrator\Desktop\sweethub_6\sweethub\backend\node_modules\mongodb\lib\operations\insert.js:51:19)
    at process.processTicksAndRejections (node:internal/process/task_queues:105:5)
    at async tryOperation (C:\Users\Administrator\Desktop\sweethub_6\sweethub\backend\node_modules\mongodb\lib\operations\execute_operation.js:207:20)
    at async executeOperation (C:\Users\Administrator\Desktop\sweethub_6\sweethub\backend\node_modules\mongodb\lib\operations\execute_operation.js:75:16)
    at async Collection.insertOne (C:\Users\Administrator\Desktop\sweethub_6\sweethub\backend\node_modules\mongodb\lib\collection.js:157:16)
2026-04-07T09:35:54.827Z - CopyProducts Error: Failed to process product: jam (SKU: PROD-1773) - MongoServerError: E11000 duplicate key error collection: test.products index: sku_1_admin_1 dup key: { sku: "PROD-1773", admin: null }
    at InsertOneOperation.execute (C:\Users\Administrator\Desktop\sweethub_6\sweethub\backend\node_modules\mongodb\lib\operations\insert.js:51:19)
    at process.processTicksAndRejections (node:internal/process/task_queues:105:5)
    at async tryOperation (C:\Users\Administrator\Desktop\sweethub_6\sweethub\backend\node_modules\mongodb\lib\operations\execute_operation.js:207:20)
    at async executeOperation (C:\Users\Administrator\Desktop\sweethub_6\sweethub\backend\node_modules\mongodb\lib\operations\execute_operation.js:75:16)
    at async Collection.insertOne (C:\Users\Administrator\Desktop\sweethub_6\sweethub\backend\node_modules\mongodb\lib\collection.js:157:16)
2026-04-07T09:35:54.920Z - CopyProducts Error: Failed to process product: MIXTURE (SKU: MIX) - MongoServerError: E11000 duplicate key error collection: test.products index: sku_1_admin_1 dup key: { sku: "MIX", admin: null }
    at InsertOneOperation.execute (C:\Users\Administrator\Desktop\sweethub_6\sweethub\backend\node_modules\mongodb\lib\operations\insert.js:51:19)
    at process.processTicksAndRejections (node:internal/process/task_queues:105:5)
    at async tryOperation (C:\Users\Administrator\Desktop\sweethub_6\sweethub\backend\node_modules\mongodb\lib\operations\execute_operation.js:207:20)
    at async executeOperation (C:\Users\Administrator\Desktop\sweethub_6\sweethub\backend\node_modules\mongodb\lib\operations\execute_operation.js:75:16)
    at async Collection.insertOne (C:\Users\Administrator\Desktop\sweethub_6\sweethub\backend\node_modules\mongodb\lib\collection.js:157:16)
2026-04-07T09:35:55.008Z - CopyProducts Error: Failed to process product: hell (SKU: PROD-1773128) - MongoServerError: E11000 duplicate key error collection: test.products index: sku_1_admin_1 dup key: { sku: "PROD-1773128", admin: null }
    at InsertOneOperation.execute (C:\Users\Administrator\Desktop\sweethub_6\sweethub\backend\node_modules\mongodb\lib\operations\insert.js:51:19)
    at process.processTicksAndRejections (node:internal/process/task_queues:105:5)
    at async tryOperation (C:\Users\Administrator\Desktop\sweethub_6\sweethub\backend\node_modules\mongodb\lib\operations\execute_operation.js:207:20)
    at async executeOperation (C:\Users\Administrator\Desktop\sweethub_6\sweethub\backend\node_modules\mongodb\lib\operations\execute_operation.js:75:16)
    at async Collection.insertOne (C:\Users\Administrator\Desktop\sweethub_6\sweethub\backend\node_modules\mongodb\lib\collection.js:157:16)
2026-04-07T09:35:55.204Z - CopyProducts Error: Failed to process product: heal (SKU: he) - MongoServerError: E11000 duplicate key error collection: test.products index: sku_1_admin_1 dup key: { sku: "he", admin: null }
    at InsertOneOperation.execute (C:\Users\Administrator\Desktop\sweethub_6\sweethub\backend\node_modules\mongodb\lib\operations\insert.js:51:19)
    at process.processTicksAndRejections (node:internal/process/task_queues:105:5)
    at async tryOperation (C:\Users\Administrator\Desktop\sweethub_6\sweethub\backend\node_modules\mongodb\lib\operations\execute_operation.js:207:20)
    at async executeOperation (C:\Users\Administrator\Desktop\sweethub_6\sweethub\backend\node_modules\mongodb\lib\operations\execute_operation.js:75:16)
    at async Collection.insertOne (C:\Users\Administrator\Desktop\sweethub_6\sweethub\backend\node_modules\mongodb\lib\collection.js:157:16)
2026-04-07T09:35:55.294Z - CopyProducts Error: Failed to process product: sam (SKU: PROD-17734666240) - MongoServerError: E11000 duplicate key error collection: test.products index: sku_1_admin_1 dup key: { sku: "PROD-17734666240", admin: null }
    at InsertOneOperation.execute (C:\Users\Administrator\Desktop\sweethub_6\sweethub\backend\node_modules\mongodb\lib\operations\insert.js:51:19)
    at process.processTicksAndRejections (node:internal/process/task_queues:105:5)
    at async tryOperation (C:\Users\Administrator\Desktop\sweethub_6\sweethub\backend\node_modules\mongodb\lib\operations\execute_operation.js:207:20)
    at async executeOperation (C:\Users\Administrator\Desktop\sweethub_6\sweethub\backend\node_modules\mongodb\lib\operations\execute_operation.js:75:16)
    at async Collection.insertOne (C:\Users\Administrator\Desktop\sweethub_6\sweethub\backend\node_modules\mongodb\lib\collection.js:157:16)
2026-04-07T09:35:55.382Z - CopyProducts Error: Failed to process product: alwa (SKU: PROD-1773495193196-819) - MongoServerError: E11000 duplicate key error collection: test.products index: sku_1_admin_1 dup key: { sku: "PROD-1773495193196-819", admin: null }
    at InsertOneOperation.execute (C:\Users\Administrator\Desktop\sweethub_6\sweethub\backend\node_modules\mongodb\lib\operations\insert.js:51:19)
    at process.processTicksAndRejections (node:internal/process/task_queues:105:5)
    at async tryOperation (C:\Users\Administrator\Desktop\sweethub_6\sweethub\backend\node_modules\mongodb\lib\operations\execute_operation.js:207:20)
    at async executeOperation (C:\Users\Administrator\Desktop\sweethub_6\sweethub\backend\node_modules\mongodb\lib\operations\execute_operation.js:75:16)
    at async Collection.insertOne (C:\Users\Administrator\Desktop\sweethub_6\sweethub\backend\node_modules\mongodb\lib\collection.js:157:16)
2026-04-07T09:35:55.472Z - CopyProducts Error: Failed to process product: hi (SKU: P73495193196-819) - MongoServerError: E11000 duplicate key error collection: test.products index: sku_1_admin_1 dup key: { sku: "P73495193196-819", admin: null }
    at InsertOneOperation.execute (C:\Users\Administrator\Desktop\sweethub_6\sweethub\backend\node_modules\mongodb\lib\operations\insert.js:51:19)
    at process.processTicksAndRejections (node:internal/process/task_queues:105:5)
    at async tryOperation (C:\Users\Administrator\Desktop\sweethub_6\sweethub\backend\node_modules\mongodb\lib\operations\execute_operation.js:207:20)
    at async executeOperation (C:\Users\Administrator\Desktop\sweethub_6\sweethub\backend\node_modules\mongodb\lib\operations\execute_operation.js:75:16)
    at async Collection.insertOne (C:\Users\Administrator\Desktop\sweethub_6\sweethub\backend\node_modules\mongodb\lib\collection.js:157:16)
2026-04-07T09:35:55.562Z - CopyProducts Error: Failed to process product: ora (SKU: cks1) - MongoServerError: E11000 duplicate key error collection: test.products index: sku_1_admin_1 dup key: { sku: "cks1", admin: null }
    at InsertOneOperation.execute (C:\Users\Administrator\Desktop\sweethub_6\sweethub\backend\node_modules\mongodb\lib\operations\insert.js:51:19)
    at process.processTicksAndRejections (node:internal/process/task_queues:105:5)
    at async tryOperation (C:\Users\Administrator\Desktop\sweethub_6\sweethub\backend\node_modules\mongodb\lib\operations\execute_operation.js:207:20)
    at async executeOperation (C:\Users\Administrator\Desktop\sweethub_6\sweethub\backend\node_modules\mongodb\lib\operations\execute_operation.js:75:16)
    at async Collection.insertOne (C:\Users\Administrator\Desktop\sweethub_6\sweethub\backend\node_modules\mongodb\lib\collection.js:157:16)
2026-04-07T09:35:55.652Z - CopyProducts Error: Failed to process product: MIX (SKU: PROD098090-937) - MongoServerError: E11000 duplicate key error collection: test.products index: sku_1_admin_1 dup key: { sku: "PROD098090-937", admin: null }
    at InsertOneOperation.execute (C:\Users\Administrator\Desktop\sweethub_6\sweethub\backend\node_modules\mongodb\lib\operations\insert.js:51:19)
    at process.processTicksAndRejections (node:internal/process/task_queues:105:5)
    at async tryOperation (C:\Users\Administrator\Desktop\sweethub_6\sweethub\backend\node_modules\mongodb\lib\operations\execute_operation.js:207:20)
    at async executeOperation (C:\Users\Administrator\Desktop\sweethub_6\sweethub\backend\node_modules\mongodb\lib\operations\execute_operation.js:75:16)
    at async Collection.insertOne (C:\Users\Administrator\Desktop\sweethub_6\sweethub\backend\node_modules\mongodb\lib\collection.js:157:16)
2026-04-07T09:35:55.742Z - CopyProducts Error: Failed to process product: kal (SKU: mi) - MongoServerError: E11000 duplicate key error collection: test.products index: sku_1_admin_1 dup key: { sku: "mi", admin: null }
    at InsertOneOperation.execute (C:\Users\Administrator\Desktop\sweethub_6\sweethub\backend\node_modules\mongodb\lib\operations\insert.js:51:19)
    at process.processTicksAndRejections (node:internal/process/task_queues:105:5)
    at async tryOperation (C:\Users\Administrator\Desktop\sweethub_6\sweethub\backend\node_modules\mongodb\lib\operations\execute_operation.js:207:20)
    at async executeOperation (C:\Users\Administrator\Desktop\sweethub_6\sweethub\backend\node_modules\mongodb\lib\operations\execute_operation.js:75:16)
    at async Collection.insertOne (C:\Users\Administrator\Desktop\sweethub_6\sweethub\backend\node_modules\mongodb\lib\collection.js:157:16)
2026-04-07T09:35:55.830Z - CopyProducts Error: Failed to process product: hiiiii (SKU: hi) - MongoServerError: E11000 duplicate key error collection: test.products index: sku_1_admin_1 dup key: { sku: "hi", admin: null }
    at InsertOneOperation.execute (C:\Users\Administrator\Desktop\sweethub_6\sweethub\backend\node_modules\mongodb\lib\operations\insert.js:51:19)
    at process.processTicksAndRejections (node:internal/process/task_queues:105:5)
    at async tryOperation (C:\Users\Administrator\Desktop\sweethub_6\sweethub\backend\node_modules\mongodb\lib\operations\execute_operation.js:207:20)
    at async executeOperation (C:\Users\Administrator\Desktop\sweethub_6\sweethub\backend\node_modules\mongodb\lib\operations\execute_operation.js:75:16)
    at async Collection.insertOne (C:\Users\Administrator\Desktop\sweethub_6\sweethub\backend\node_modules\mongodb\lib\collection.js:157:16)
2026-04-07T09:35:55.918Z - CopyProducts Error: Failed to process product: ragi mixture (SKU: ragi) - MongoServerError: E11000 duplicate key error collection: test.products index: sku_1_admin_1 dup key: { sku: "ragi", admin: null }
    at InsertOneOperation.execute (C:\Users\Administrator\Desktop\sweethub_6\sweethub\backend\node_modules\mongodb\lib\operations\insert.js:51:19)
    at process.processTicksAndRejections (node:internal/process/task_queues:105:5)
    at async tryOperation (C:\Users\Administrator\Desktop\sweethub_6\sweethub\backend\node_modules\mongodb\lib\operations\execute_operation.js:207:20)
    at async executeOperation (C:\Users\Administrator\Desktop\sweethub_6\sweethub\backend\node_modules\mongodb\lib\operations\execute_operation.js:75:16)
    at async Collection.insertOne (C:\Users\Administrator\Desktop\sweethub_6\sweethub\backend\node_modules\mongodb\lib\collection.js:157:16)
2026-04-07T09:38:29.311Z - CopyProducts Error: Failed to process product: laddu (SKU: lad) - MongoServerError: E11000 duplicate key error collection: test.products index: sku_1_admin_1 dup key: { sku: "lad", admin: null }
    at InsertOneOperation.execute (C:\Users\Administrator\Desktop\sweethub_6\sweethub\backend\node_modules\mongodb\lib\operations\insert.js:51:19)
    at process.processTicksAndRejections (node:internal/process/task_queues:105:5)
    at async tryOperation (C:\Users\Administrator\Desktop\sweethub_6\sweethub\backend\node_modules\mongodb\lib\operations\execute_operation.js:207:20)
    at async executeOperation (C:\Users\Administrator\Desktop\sweethub_6\sweethub\backend\node_modules\mongodb\lib\operations\execute_operation.js:75:16)
    at async Collection.insertOne (C:\Users\Administrator\Desktop\sweethub_6\sweethub\backend\node_modules\mongodb\lib\collection.js:157:16)
2026-04-07T09:38:29.407Z - CopyProducts Error: Failed to process product: kesar (SKU: kes) - MongoServerError: E11000 duplicate key error collection: test.products index: sku_1_admin_1 dup key: { sku: "kes", admin: null }
    at InsertOneOperation.execute (C:\Users\Administrator\Desktop\sweethub_6\sweethub\backend\node_modules\mongodb\lib\operations\insert.js:51:19)
    at process.processTicksAndRejections (node:internal/process/task_queues:105:5)
    at async tryOperation (C:\Users\Administrator\Desktop\sweethub_6\sweethub\backend\node_modules\mongodb\lib\operations\execute_operation.js:207:20)
    at async executeOperation (C:\Users\Administrator\Desktop\sweethub_6\sweethub\backend\node_modules\mongodb\lib\operations\execute_operation.js:75:16)
    at async Collection.insertOne (C:\Users\Administrator\Desktop\sweethub_6\sweethub\backend\node_modules\mongodb\lib\collection.js:157:16)
2026-04-07T09:38:29.497Z - CopyProducts Error: Failed to process product: katli (SKU: kat) - MongoServerError: E11000 duplicate key error collection: test.products index: sku_1_admin_1 dup key: { sku: "kat", admin: null }
    at InsertOneOperation.execute (C:\Users\Administrator\Desktop\sweethub_6\sweethub\backend\node_modules\mongodb\lib\operations\insert.js:51:19)
    at process.processTicksAndRejections (node:internal/process/task_queues:105:5)
    at async tryOperation (C:\Users\Administrator\Desktop\sweethub_6\sweethub\backend\node_modules\mongodb\lib\operations\execute_operation.js:207:20)
    at async executeOperation (C:\Users\Administrator\Desktop\sweethub_6\sweethub\backend\node_modules\mongodb\lib\operations\execute_operation.js:75:16)
    at async Collection.insertOne (C:\Users\Administrator\Desktop\sweethub_6\sweethub\backend\node_modules\mongodb\lib\collection.js:157:16)
2026-04-07T09:38:29.591Z - CopyProducts Error: Failed to process product: kaju (SKU: kli) - MongoServerError: E11000 duplicate key error collection: test.products index: sku_1_admin_1 dup key: { sku: "kli", admin: null }
    at InsertOneOperation.execute (C:\Users\Administrator\Desktop\sweethub_6\sweethub\backend\node_modules\mongodb\lib\operations\insert.js:51:19)
    at process.processTicksAndRejections (node:internal/process/task_queues:105:5)
    at async tryOperation (C:\Users\Administrator\Desktop\sweethub_6\sweethub\backend\node_modules\mongodb\lib\operations\execute_operation.js:207:20)
    at async executeOperation (C:\Users\Administrator\Desktop\sweethub_6\sweethub\backend\node_modules\mongodb\lib\operations\execute_operation.js:75:16)
    at async Collection.insertOne (C:\Users\Administrator\Desktop\sweethub_6\sweethub\backend\node_modules\mongodb\lib\collection.js:157:16)
2026-04-07T09:38:29.684Z - CopyProducts Error: Failed to process product: kattari (SKU: katri) - MongoServerError: E11000 duplicate key error collection: test.products index: sku_1_admin_1 dup key: { sku: "katri", admin: null }
    at InsertOneOperation.execute (C:\Users\Administrator\Desktop\sweethub_6\sweethub\backend\node_modules\mongodb\lib\operations\insert.js:51:19)
    at process.processTicksAndRejections (node:internal/process/task_queues:105:5)
    at async tryOperation (C:\Users\Administrator\Desktop\sweethub_6\sweethub\backend\node_modules\mongodb\lib\operations\execute_operation.js:207:20)
    at async executeOperation (C:\Users\Administrator\Desktop\sweethub_6\sweethub\backend\node_modules\mongodb\lib\operations\execute_operation.js:75:16)
    at async Collection.insertOne (C:\Users\Administrator\Desktop\sweethub_6\sweethub\backend\node_modules\mongodb\lib\collection.js:157:16)
2026-04-07T09:38:29.776Z - CopyProducts Error: Failed to process product: white (SKU: cks) - MongoServerError: E11000 duplicate key error collection: test.products index: sku_1_admin_1 dup key: { sku: "cks", admin: null }
    at InsertOneOperation.execute (C:\Users\Administrator\Desktop\sweethub_6\sweethub\backend\node_modules\mongodb\lib\operations\insert.js:51:19)
    at process.processTicksAndRejections (node:internal/process/task_queues:105:5)
    at async tryOperation (C:\Users\Administrator\Desktop\sweethub_6\sweethub\backend\node_modules\mongodb\lib\operations\execute_operation.js:207:20)
    at async executeOperation (C:\Users\Administrator\Desktop\sweethub_6\sweethub\backend\node_modules\mongodb\lib\operations\execute_operation.js:75:16)
    at async Collection.insertOne (C:\Users\Administrator\Desktop\sweethub_6\sweethub\backend\node_modules\mongodb\lib\collection.js:157:16)
2026-04-07T09:38:29.871Z - CopyProducts Error: Failed to process product: orange (SKU: cksd) - MongoServerError: E11000 duplicate key error collection: test.products index: sku_1_admin_1 dup key: { sku: "cksd", admin: null }
    at InsertOneOperation.execute (C:\Users\Administrator\Desktop\sweethub_6\sweethub\backend\node_modules\mongodb\lib\operations\insert.js:51:19)
    at process.processTicksAndRejections (node:internal/process/task_queues:105:5)
    at async tryOperation (C:\Users\Administrator\Desktop\sweethub_6\sweethub\backend\node_modules\mongodb\lib\operations\execute_operation.js:207:20)
    at async executeOperation (C:\Users\Administrator\Desktop\sweethub_6\sweethub\backend\node_modules\mongodb\lib\operations\execute_operation.js:75:16)
    at async Collection.insertOne (C:\Users\Administrator\Desktop\sweethub_6\sweethub\backend\node_modules\mongodb\lib\collection.js:157:16)
2026-04-07T09:38:29.961Z - CopyProducts Error: Failed to process product: pre-sweets (SKU: cksas) - MongoServerError: E11000 duplicate key error collection: test.products index: sku_1_admin_1 dup key: { sku: "cksas", admin: null }
    at InsertOneOperation.execute (C:\Users\Administrator\Desktop\sweethub_6\sweethub\backend\node_modules\mongodb\lib\operations\insert.js:51:19)
    at process.processTicksAndRejections (node:internal/process/task_queues:105:5)
    at async tryOperation (C:\Users\Administrator\Desktop\sweethub_6\sweethub\backend\node_modules\mongodb\lib\operations\execute_operation.js:207:20)
    at async executeOperation (C:\Users\Administrator\Desktop\sweethub_6\sweethub\backend\node_modules\mongodb\lib\operations\execute_operation.js:75:16)
    at async Collection.insertOne (C:\Users\Administrator\Desktop\sweethub_6\sweethub\backend\node_modules\mongodb\lib\collection.js:157:16)
2026-04-07T09:38:30.051Z - CopyProducts Error: Failed to process product: burger (SKU: bg) - MongoServerError: E11000 duplicate key error collection: test.products index: sku_1_admin_1 dup key: { sku: "bg", admin: null }
    at InsertOneOperation.execute (C:\Users\Administrator\Desktop\sweethub_6\sweethub\backend\node_modules\mongodb\lib\operations\insert.js:51:19)
    at process.processTicksAndRejections (node:internal/process/task_queues:105:5)
    at async tryOperation (C:\Users\Administrator\Desktop\sweethub_6\sweethub\backend\node_modules\mongodb\lib\operations\execute_operation.js:207:20)
    at async executeOperation (C:\Users\Administrator\Desktop\sweethub_6\sweethub\backend\node_modules\mongodb\lib\operations\execute_operation.js:75:16)
    at async Collection.insertOne (C:\Users\Administrator\Desktop\sweethub_6\sweethub\backend\node_modules\mongodb\lib\collection.js:157:16)
2026-04-07T09:38:30.142Z - CopyProducts Error: Failed to process product: bro (SKU: br) - MongoServerError: E11000 duplicate key error collection: test.products index: sku_1_admin_1 dup key: { sku: "br", admin: null }
    at InsertOneOperation.execute (C:\Users\Administrator\Desktop\sweethub_6\sweethub\backend\node_modules\mongodb\lib\operations\insert.js:51:19)
    at process.processTicksAndRejections (node:internal/process/task_queues:105:5)
    at async tryOperation (C:\Users\Administrator\Desktop\sweethub_6\sweethub\backend\node_modules\mongodb\lib\operations\execute_operation.js:207:20)
    at async executeOperation (C:\Users\Administrator\Desktop\sweethub_6\sweethub\backend\node_modules\mongodb\lib\operations\execute_operation.js:75:16)
    at async Collection.insertOne (C:\Users\Administrator\Desktop\sweethub_6\sweethub\backend\node_modules\mongodb\lib\collection.js:157:16)
2026-04-07T09:38:30.234Z - CopyProducts Error: Failed to process product: DAL MIXTURE (SKU: PROD-1773128098090-937) - MongoServerError: E11000 duplicate key error collection: test.products index: sku_1_admin_1 dup key: { sku: "PROD-1773128098090-937", admin: null }
    at InsertOneOperation.execute (C:\Users\Administrator\Desktop\sweethub_6\sweethub\backend\node_modules\mongodb\lib\operations\insert.js:51:19)
    at process.processTicksAndRejections (node:internal/process/task_queues:105:5)
    at async tryOperation (C:\Users\Administrator\Desktop\sweethub_6\sweethub\backend\node_modules\mongodb\lib\operations\execute_operation.js:207:20)
    at async executeOperation (C:\Users\Administrator\Desktop\sweethub_6\sweethub\backend\node_modules\mongodb\lib\operations\execute_operation.js:75:16)
    at async Collection.insertOne (C:\Users\Administrator\Desktop\sweethub_6\sweethub\backend\node_modules\mongodb\lib\collection.js:157:16)
2026-04-07T09:38:30.337Z - CopyProducts Error: Failed to process product: cakes (SKU: PROD-1773205338667-253) - MongoServerError: E11000 duplicate key error collection: test.products index: sku_1_admin_1 dup key: { sku: "PROD-1773205338667-253", admin: null }
    at InsertOneOperation.execute (C:\Users\Administrator\Desktop\sweethub_6\sweethub\backend\node_modules\mongodb\lib\operations\insert.js:51:19)
    at process.processTicksAndRejections (node:internal/process/task_queues:105:5)
    at async tryOperation (C:\Users\Administrator\Desktop\sweethub_6\sweethub\backend\node_modules\mongodb\lib\operations\execute_operation.js:207:20)
    at async executeOperation (C:\Users\Administrator\Desktop\sweethub_6\sweethub\backend\node_modules\mongodb\lib\operations\execute_operation.js:75:16)
    at async Collection.insertOne (C:\Users\Administrator\Desktop\sweethub_6\sweethub\backend\node_modules\mongodb\lib\collection.js:157:16)
2026-04-07T09:38:30.427Z - CopyProducts Error: Failed to process product: milk (SKU: PR) - MongoServerError: E11000 duplicate key error collection: test.products index: sku_1_admin_1 dup key: { sku: "PR", admin: null }
    at InsertOneOperation.execute (C:\Users\Administrator\Desktop\sweethub_6\sweethub\backend\node_modules\mongodb\lib\operations\insert.js:51:19)
    at process.processTicksAndRejections (node:internal/process/task_queues:105:5)
    at async tryOperation (C:\Users\Administrator\Desktop\sweethub_6\sweethub\backend\node_modules\mongodb\lib\operations\execute_operation.js:207:20)
    at async executeOperation (C:\Users\Administrator\Desktop\sweethub_6\sweethub\backend\node_modules\mongodb\lib\operations\execute_operation.js:75:16)
    at async Collection.insertOne (C:\Users\Administrator\Desktop\sweethub_6\sweethub\backend\node_modules\mongodb\lib\collection.js:157:16)
2026-04-07T09:38:30.517Z - CopyProducts Error: Failed to process product: laddu (SKU: la) - MongoServerError: E11000 duplicate key error collection: test.products index: sku_1_admin_1 dup key: { sku: "la", admin: null }
    at InsertOneOperation.execute (C:\Users\Administrator\Desktop\sweethub_6\sweethub\backend\node_modules\mongodb\lib\operations\insert.js:51:19)
    at process.processTicksAndRejections (node:internal/process/task_queues:105:5)
    at async tryOperation (C:\Users\Administrator\Desktop\sweethub_6\sweethub\backend\node_modules\mongodb\lib\operations\execute_operation.js:207:20)
    at async executeOperation (C:\Users\Administrator\Desktop\sweethub_6\sweethub\backend\node_modules\mongodb\lib\operations\execute_operation.js:75:16)
    at async Collection.insertOne (C:\Users\Administrator\Desktop\sweethub_6\sweethub\backend\node_modules\mongodb\lib\collection.js:157:16)
2026-04-07T09:38:30.607Z - CopyProducts Error: Failed to process product: got (SKU: ka) - MongoServerError: E11000 duplicate key error collection: test.products index: sku_1_admin_1 dup key: { sku: "ka", admin: null }
    at InsertOneOperation.execute (C:\Users\Administrator\Desktop\sweethub_6\sweethub\backend\node_modules\mongodb\lib\operations\insert.js:51:19)
    at process.processTicksAndRejections (node:internal/process/task_queues:105:5)
    at async tryOperation (C:\Users\Administrator\Desktop\sweethub_6\sweethub\backend\node_modules\mongodb\lib\operations\execute_operation.js:207:20)
    at async executeOperation (C:\Users\Administrator\Desktop\sweethub_6\sweethub\backend\node_modules\mongodb\lib\operations\execute_operation.js:75:16)
    at async Collection.insertOne (C:\Users\Administrator\Desktop\sweethub_6\sweethub\backend\node_modules\mongodb\lib\collection.js:157:16)
2026-04-07T09:38:30.695Z - CopyProducts Error: Failed to process product: e2 (SKU: PROD-) - MongoServerError: E11000 duplicate key error collection: test.products index: sku_1_admin_1 dup key: { sku: "PROD-", admin: null }
    at InsertOneOperation.execute (C:\Users\Administrator\Desktop\sweethub_6\sweethub\backend\node_modules\mongodb\lib\operations\insert.js:51:19)
    at process.processTicksAndRejections (node:internal/process/task_queues:105:5)
    at async tryOperation (C:\Users\Administrator\Desktop\sweethub_6\sweethub\backend\node_modules\mongodb\lib\operations\execute_operation.js:207:20)
    at async executeOperation (C:\Users\Administrator\Desktop\sweethub_6\sweethub\backend\node_modules\mongodb\lib\operations\execute_operation.js:75:16)
    at async Collection.insertOne (C:\Users\Administrator\Desktop\sweethub_6\sweethub\backend\node_modules\mongodb\lib\collection.js:157:16)
2026-04-07T09:38:30.785Z - CopyProducts Error: Failed to process product: f (SKU: bgi) - MongoServerError: E11000 duplicate key error collection: test.products index: sku_1_admin_1 dup key: { sku: "bgi", admin: null }
    at InsertOneOperation.execute (C:\Users\Administrator\Desktop\sweethub_6\sweethub\backend\node_modules\mongodb\lib\operations\insert.js:51:19)
    at process.processTicksAndRejections (node:internal/process/task_queues:105:5)
    at async tryOperation (C:\Users\Administrator\Desktop\sweethub_6\sweethub\backend\node_modules\mongodb\lib\operations\execute_operation.js:207:20)
    at async executeOperation (C:\Users\Administrator\Desktop\sweethub_6\sweethub\backend\node_modules\mongodb\lib\operations\execute_operation.js:75:16)
    at async Collection.insertOne (C:\Users\Administrator\Desktop\sweethub_6\sweethub\backend\node_modules\mongodb\lib\collection.js:157:16)
2026-04-07T09:38:30.875Z - CopyProducts Error: Failed to process product: i (SKU: P) - MongoServerError: E11000 duplicate key error collection: test.products index: sku_1_admin_1 dup key: { sku: "P", admin: null }
    at InsertOneOperation.execute (C:\Users\Administrator\Desktop\sweethub_6\sweethub\backend\node_modules\mongodb\lib\operations\insert.js:51:19)
    at process.processTicksAndRejections (node:internal/process/task_queues:105:5)
    at async tryOperation (C:\Users\Administrator\Desktop\sweethub_6\sweethub\backend\node_modules\mongodb\lib\operations\execute_operation.js:207:20)
    at async executeOperation (C:\Users\Administrator\Desktop\sweethub_6\sweethub\backend\node_modules\mongodb\lib\operations\execute_operation.js:75:16)
    at async Collection.insertOne (C:\Users\Administrator\Desktop\sweethub_6\sweethub\backend\node_modules\mongodb\lib\collection.js:157:16)
2026-04-07T09:38:30.967Z - CopyProducts Error: Failed to process product: biriyani (SKU: bir) - MongoServerError: E11000 duplicate key error collection: test.products index: sku_1_admin_1 dup key: { sku: "bir", admin: null }
    at InsertOneOperation.execute (C:\Users\Administrator\Desktop\sweethub_6\sweethub\backend\node_modules\mongodb\lib\operations\insert.js:51:19)
    at process.processTicksAndRejections (node:internal/process/task_queues:105:5)
    at async tryOperation (C:\Users\Administrator\Desktop\sweethub_6\sweethub\backend\node_modules\mongodb\lib\operations\execute_operation.js:207:20)
    at async executeOperation (C:\Users\Administrator\Desktop\sweethub_6\sweethub\backend\node_modules\mongodb\lib\operations\execute_operation.js:75:16)
    at async Collection.insertOne (C:\Users\Administrator\Desktop\sweethub_6\sweethub\backend\node_modules\mongodb\lib\collection.js:157:16)
2026-04-07T09:38:31.059Z - CopyProducts Error: Failed to process product: jam (SKU: PROD-1773) - MongoServerError: E11000 duplicate key error collection: test.products index: sku_1_admin_1 dup key: { sku: "PROD-1773", admin: null }
    at InsertOneOperation.execute (C:\Users\Administrator\Desktop\sweethub_6\sweethub\backend\node_modules\mongodb\lib\operations\insert.js:51:19)
    at process.processTicksAndRejections (node:internal/process/task_queues:105:5)
    at async tryOperation (C:\Users\Administrator\Desktop\sweethub_6\sweethub\backend\node_modules\mongodb\lib\operations\execute_operation.js:207:20)
    at async executeOperation (C:\Users\Administrator\Desktop\sweethub_6\sweethub\backend\node_modules\mongodb\lib\operations\execute_operation.js:75:16)
    at async Collection.insertOne (C:\Users\Administrator\Desktop\sweethub_6\sweethub\backend\node_modules\mongodb\lib\collection.js:157:16)
2026-04-07T09:38:31.149Z - CopyProducts Error: Failed to process product: MIXTURE (SKU: MIX) - MongoServerError: E11000 duplicate key error collection: test.products index: sku_1_admin_1 dup key: { sku: "MIX", admin: null }
    at InsertOneOperation.execute (C:\Users\Administrator\Desktop\sweethub_6\sweethub\backend\node_modules\mongodb\lib\operations\insert.js:51:19)
    at process.processTicksAndRejections (node:internal/process/task_queues:105:5)
    at async tryOperation (C:\Users\Administrator\Desktop\sweethub_6\sweethub\backend\node_modules\mongodb\lib\operations\execute_operation.js:207:20)
    at async executeOperation (C:\Users\Administrator\Desktop\sweethub_6\sweethub\backend\node_modules\mongodb\lib\operations\execute_operation.js:75:16)
    at async Collection.insertOne (C:\Users\Administrator\Desktop\sweethub_6\sweethub\backend\node_modules\mongodb\lib\collection.js:157:16)
2026-04-07T09:38:31.246Z - CopyProducts Error: Failed to process product: hell (SKU: PROD-1773128) - MongoServerError: E11000 duplicate key error collection: test.products index: sku_1_admin_1 dup key: { sku: "PROD-1773128", admin: null }
    at InsertOneOperation.execute (C:\Users\Administrator\Desktop\sweethub_6\sweethub\backend\node_modules\mongodb\lib\operations\insert.js:51:19)
    at process.processTicksAndRejections (node:internal/process/task_queues:105:5)
    at async tryOperation (C:\Users\Administrator\Desktop\sweethub_6\sweethub\backend\node_modules\mongodb\lib\operations\execute_operation.js:207:20)
    at async executeOperation (C:\Users\Administrator\Desktop\sweethub_6\sweethub\backend\node_modules\mongodb\lib\operations\execute_operation.js:75:16)
    at async Collection.insertOne (C:\Users\Administrator\Desktop\sweethub_6\sweethub\backend\node_modules\mongodb\lib\collection.js:157:16)
2026-04-07T09:38:31.334Z - CopyProducts Error: Failed to process product: heal (SKU: he) - MongoServerError: E11000 duplicate key error collection: test.products index: sku_1_admin_1 dup key: { sku: "he", admin: null }
    at InsertOneOperation.execute (C:\Users\Administrator\Desktop\sweethub_6\sweethub\backend\node_modules\mongodb\lib\operations\insert.js:51:19)
    at process.processTicksAndRejections (node:internal/process/task_queues:105:5)
    at async tryOperation (C:\Users\Administrator\Desktop\sweethub_6\sweethub\backend\node_modules\mongodb\lib\operations\execute_operation.js:207:20)
    at async executeOperation (C:\Users\Administrator\Desktop\sweethub_6\sweethub\backend\node_modules\mongodb\lib\operations\execute_operation.js:75:16)
    at async Collection.insertOne (C:\Users\Administrator\Desktop\sweethub_6\sweethub\backend\node_modules\mongodb\lib\collection.js:157:16)
2026-04-07T09:38:31.423Z - CopyProducts Error: Failed to process product: sam (SKU: PROD-17734666240) - MongoServerError: E11000 duplicate key error collection: test.products index: sku_1_admin_1 dup key: { sku: "PROD-17734666240", admin: null }
    at InsertOneOperation.execute (C:\Users\Administrator\Desktop\sweethub_6\sweethub\backend\node_modules\mongodb\lib\operations\insert.js:51:19)
    at process.processTicksAndRejections (node:internal/process/task_queues:105:5)
    at async tryOperation (C:\Users\Administrator\Desktop\sweethub_6\sweethub\backend\node_modules\mongodb\lib\operations\execute_operation.js:207:20)
    at async executeOperation (C:\Users\Administrator\Desktop\sweethub_6\sweethub\backend\node_modules\mongodb\lib\operations\execute_operation.js:75:16)
    at async Collection.insertOne (C:\Users\Administrator\Desktop\sweethub_6\sweethub\backend\node_modules\mongodb\lib\collection.js:157:16)
2026-04-07T09:38:31.513Z - CopyProducts Error: Failed to process product: alwa (SKU: PROD-1773495193196-819) - MongoServerError: E11000 duplicate key error collection: test.products index: sku_1_admin_1 dup key: { sku: "PROD-1773495193196-819", admin: null }
    at InsertOneOperation.execute (C:\Users\Administrator\Desktop\sweethub_6\sweethub\backend\node_modules\mongodb\lib\operations\insert.js:51:19)
    at process.processTicksAndRejections (node:internal/process/task_queues:105:5)
    at async tryOperation (C:\Users\Administrator\Desktop\sweethub_6\sweethub\backend\node_modules\mongodb\lib\operations\execute_operation.js:207:20)
    at async executeOperation (C:\Users\Administrator\Desktop\sweethub_6\sweethub\backend\node_modules\mongodb\lib\operations\execute_operation.js:75:16)
    at async Collection.insertOne (C:\Users\Administrator\Desktop\sweethub_6\sweethub\backend\node_modules\mongodb\lib\collection.js:157:16)
2026-04-07T09:38:31.604Z - CopyProducts Error: Failed to process product: hi (SKU: P73495193196-819) - MongoServerError: E11000 duplicate key error collection: test.products index: sku_1_admin_1 dup key: { sku: "P73495193196-819", admin: null }
    at InsertOneOperation.execute (C:\Users\Administrator\Desktop\sweethub_6\sweethub\backend\node_modules\mongodb\lib\operations\insert.js:51:19)
    at process.processTicksAndRejections (node:internal/process/task_queues:105:5)
    at async tryOperation (C:\Users\Administrator\Desktop\sweethub_6\sweethub\backend\node_modules\mongodb\lib\operations\execute_operation.js:207:20)
    at async executeOperation (C:\Users\Administrator\Desktop\sweethub_6\sweethub\backend\node_modules\mongodb\lib\operations\execute_operation.js:75:16)
    at async Collection.insertOne (C:\Users\Administrator\Desktop\sweethub_6\sweethub\backend\node_modules\mongodb\lib\collection.js:157:16)
2026-04-07T09:38:31.699Z - CopyProducts Error: Failed to process product: ora (SKU: cks1) - MongoServerError: E11000 duplicate key error collection: test.products index: sku_1_admin_1 dup key: { sku: "cks1", admin: null }
    at InsertOneOperation.execute (C:\Users\Administrator\Desktop\sweethub_6\sweethub\backend\node_modules\mongodb\lib\operations\insert.js:51:19)
    at process.processTicksAndRejections (node:internal/process/task_queues:105:5)
    at async tryOperation (C:\Users\Administrator\Desktop\sweethub_6\sweethub\backend\node_modules\mongodb\lib\operations\execute_operation.js:207:20)
    at async executeOperation (C:\Users\Administrator\Desktop\sweethub_6\sweethub\backend\node_modules\mongodb\lib\operations\execute_operation.js:75:16)
    at async Collection.insertOne (C:\Users\Administrator\Desktop\sweethub_6\sweethub\backend\node_modules\mongodb\lib\collection.js:157:16)
2026-04-07T09:38:31.793Z - CopyProducts Error: Failed to process product: MIX (SKU: PROD098090-937) - MongoServerError: E11000 duplicate key error collection: test.products index: sku_1_admin_1 dup key: { sku: "PROD098090-937", admin: null }
    at InsertOneOperation.execute (C:\Users\Administrator\Desktop\sweethub_6\sweethub\backend\node_modules\mongodb\lib\operations\insert.js:51:19)
    at process.processTicksAndRejections (node:internal/process/task_queues:105:5)
    at async tryOperation (C:\Users\Administrator\Desktop\sweethub_6\sweethub\backend\node_modules\mongodb\lib\operations\execute_operation.js:207:20)
    at async executeOperation (C:\Users\Administrator\Desktop\sweethub_6\sweethub\backend\node_modules\mongodb\lib\operations\execute_operation.js:75:16)
    at async Collection.insertOne (C:\Users\Administrator\Desktop\sweethub_6\sweethub\backend\node_modules\mongodb\lib\collection.js:157:16)
2026-04-07T09:38:31.880Z - CopyProducts Error: Failed to process product: kal (SKU: mi) - MongoServerError: E11000 duplicate key error collection: test.products index: sku_1_admin_1 dup key: { sku: "mi", admin: null }
    at InsertOneOperation.execute (C:\Users\Administrator\Desktop\sweethub_6\sweethub\backend\node_modules\mongodb\lib\operations\insert.js:51:19)
    at process.processTicksAndRejections (node:internal/process/task_queues:105:5)
    at async tryOperation (C:\Users\Administrator\Desktop\sweethub_6\sweethub\backend\node_modules\mongodb\lib\operations\execute_operation.js:207:20)
    at async executeOperation (C:\Users\Administrator\Desktop\sweethub_6\sweethub\backend\node_modules\mongodb\lib\operations\execute_operation.js:75:16)
    at async Collection.insertOne (C:\Users\Administrator\Desktop\sweethub_6\sweethub\backend\node_modules\mongodb\lib\collection.js:157:16)
2026-04-07T09:38:31.971Z - CopyProducts Error: Failed to process product: hiiiii (SKU: hi) - MongoServerError: E11000 duplicate key error collection: test.products index: sku_1_admin_1 dup key: { sku: "hi", admin: null }
    at InsertOneOperation.execute (C:\Users\Administrator\Desktop\sweethub_6\sweethub\backend\node_modules\mongodb\lib\operations\insert.js:51:19)
    at process.processTicksAndRejections (node:internal/process/task_queues:105:5)
    at async tryOperation (C:\Users\Administrator\Desktop\sweethub_6\sweethub\backend\node_modules\mongodb\lib\operations\execute_operation.js:207:20)
    at async executeOperation (C:\Users\Administrator\Desktop\sweethub_6\sweethub\backend\node_modules\mongodb\lib\operations\execute_operation.js:75:16)
    at async Collection.insertOne (C:\Users\Administrator\Desktop\sweethub_6\sweethub\backend\node_modules\mongodb\lib\collection.js:157:16)
2026-04-07T09:38:32.061Z - CopyProducts Error: Failed to process product: ragi mixture (SKU: ragi) - MongoServerError: E11000 duplicate key error collection: test.products index: sku_1_admin_1 dup key: { sku: "ragi", admin: null }
    at InsertOneOperation.execute (C:\Users\Administrator\Desktop\sweethub_6\sweethub\backend\node_modules\mongodb\lib\operations\insert.js:51:19)
    at process.processTicksAndRejections (node:internal/process/task_queues:105:5)
    at async tryOperation (C:\Users\Administrator\Desktop\sweethub_6\sweethub\backend\node_modules\mongodb\lib\operations\execute_operation.js:207:20)
    at async executeOperation (C:\Users\Administrator\Desktop\sweethub_6\sweethub\backend\node_modules\mongodb\lib\operations\execute_operation.js:75:16)
    at async Collection.insertOne (C:\Users\Administrator\Desktop\sweethub_6\sweethub\backend\node_modules\mongodb\lib\collection.js:157:16)
2026-04-07T09:38:56.979Z - CopyProducts Error: Failed to process product: apple (SKU: apl) - MongoServerError: E11000 duplicate key error collection: test.products index: sku_1_admin_1 dup key: { sku: "apl", admin: null }
    at InsertOneOperation.execute (C:\Users\Administrator\Desktop\sweethub_6\sweethub\backend\node_modules\mongodb\lib\operations\insert.js:51:19)
    at process.processTicksAndRejections (node:internal/process/task_queues:105:5)
    at async tryOperation (C:\Users\Administrator\Desktop\sweethub_6\sweethub\backend\node_modules\mongodb\lib\operations\execute_operation.js:207:20)
    at async executeOperation (C:\Users\Administrator\Desktop\sweethub_6\sweethub\backend\node_modules\mongodb\lib\operations\execute_operation.js:75:16)
    at async Collection.insertOne (C:\Users\Administrator\Desktop\sweethub_6\sweethub\backend\node_modules\mongodb\lib\collection.js:157:16)
2026-04-07T09:38:57.059Z - CopyProducts Error: Failed to process product: orange (SKU: cksd) - MongoServerError: E11000 duplicate key error collection: test.products index: sku_1_admin_1 dup key: { sku: "cksd", admin: null }
    at InsertOneOperation.execute (C:\Users\Administrator\Desktop\sweethub_6\sweethub\backend\node_modules\mongodb\lib\operations\insert.js:51:19)
    at process.processTicksAndRejections (node:internal/process/task_queues:105:5)
    at async tryOperation (C:\Users\Administrator\Desktop\sweethub_6\sweethub\backend\node_modules\mongodb\lib\operations\execute_operation.js:207:20)
    at async executeOperation (C:\Users\Administrator\Desktop\sweethub_6\sweethub\backend\node_modules\mongodb\lib\operations\execute_operation.js:75:16)
    at async Collection.insertOne (C:\Users\Administrator\Desktop\sweethub_6\sweethub\backend\node_modules\mongodb\lib\collection.js:157:16)
2026-04-07T09:38:57.141Z - CopyProducts Error: Failed to process product: white (SKU: cks) - MongoServerError: E11000 duplicate key error collection: test.products index: sku_1_admin_1 dup key: { sku: "cks", admin: null }
    at InsertOneOperation.execute (C:\Users\Administrator\Desktop\sweethub_6\sweethub\backend\node_modules\mongodb\lib\operations\insert.js:51:19)
    at process.processTicksAndRejections (node:internal/process/task_queues:105:5)
    at async tryOperation (C:\Users\Administrator\Desktop\sweethub_6\sweethub\backend\node_modules\mongodb\lib\operations\execute_operation.js:207:20)
    at async executeOperation (C:\Users\Administrator\Desktop\sweethub_6\sweethub\backend\node_modules\mongodb\lib\operations\execute_operation.js:75:16)
    at async Collection.insertOne (C:\Users\Administrator\Desktop\sweethub_6\sweethub\backend\node_modules\mongodb\lib\collection.js:157:16)
2026-04-07T09:38:57.223Z - CopyProducts Error: Failed to process product: kattari (SKU: katri) - MongoServerError: E11000 duplicate key error collection: test.products index: sku_1_admin_1 dup key: { sku: "katri", admin: null }
    at InsertOneOperation.execute (C:\Users\Administrator\Desktop\sweethub_6\sweethub\backend\node_modules\mongodb\lib\operations\insert.js:51:19)
    at process.processTicksAndRejections (node:internal/process/task_queues:105:5)
    at async tryOperation (C:\Users\Administrator\Desktop\sweethub_6\sweethub\backend\node_modules\mongodb\lib\operations\execute_operation.js:207:20)
    at async executeOperation (C:\Users\Administrator\Desktop\sweethub_6\sweethub\backend\node_modules\mongodb\lib\operations\execute_operation.js:75:16)
    at async Collection.insertOne (C:\Users\Administrator\Desktop\sweethub_6\sweethub\backend\node_modules\mongodb\lib\collection.js:157:16)
2026-04-07T09:38:57.304Z - CopyProducts Error: Failed to process product: kaju (SKU: kli) - MongoServerError: E11000 duplicate key error collection: test.products index: sku_1_admin_1 dup key: { sku: "kli", admin: null }
    at InsertOneOperation.execute (C:\Users\Administrator\Desktop\sweethub_6\sweethub\backend\node_modules\mongodb\lib\operations\insert.js:51:19)
    at process.processTicksAndRejections (node:internal/process/task_queues:105:5)
    at async tryOperation (C:\Users\Administrator\Desktop\sweethub_6\sweethub\backend\node_modules\mongodb\lib\operations\execute_operation.js:207:20)
    at async executeOperation (C:\Users\Administrator\Desktop\sweethub_6\sweethub\backend\node_modules\mongodb\lib\operations\execute_operation.js:75:16)
    at async Collection.insertOne (C:\Users\Administrator\Desktop\sweethub_6\sweethub\backend\node_modules\mongodb\lib\collection.js:157:16)
2026-04-07T09:38:57.386Z - CopyProducts Error: Failed to process product: katli (SKU: kat) - MongoServerError: E11000 duplicate key error collection: test.products index: sku_1_admin_1 dup key: { sku: "kat", admin: null }
    at InsertOneOperation.execute (C:\Users\Administrator\Desktop\sweethub_6\sweethub\backend\node_modules\mongodb\lib\operations\insert.js:51:19)
    at process.processTicksAndRejections (node:internal/process/task_queues:105:5)
    at async tryOperation (C:\Users\Administrator\Desktop\sweethub_6\sweethub\backend\node_modules\mongodb\lib\operations\execute_operation.js:207:20)
    at async executeOperation (C:\Users\Administrator\Desktop\sweethub_6\sweethub\backend\node_modules\mongodb\lib\operations\execute_operation.js:75:16)
    at async Collection.insertOne (C:\Users\Administrator\Desktop\sweethub_6\sweethub\backend\node_modules\mongodb\lib\collection.js:157:16)
2026-04-07T09:38:57.468Z - CopyProducts Error: Failed to process product: kesar (SKU: kes) - MongoServerError: E11000 duplicate key error collection: test.products index: sku_1_admin_1 dup key: { sku: "kes", admin: null }
    at InsertOneOperation.execute (C:\Users\Administrator\Desktop\sweethub_6\sweethub\backend\node_modules\mongodb\lib\operations\insert.js:51:19)
    at process.processTicksAndRejections (node:internal/process/task_queues:105:5)
    at async tryOperation (C:\Users\Administrator\Desktop\sweethub_6\sweethub\backend\node_modules\mongodb\lib\operations\execute_operation.js:207:20)
    at async executeOperation (C:\Users\Administrator\Desktop\sweethub_6\sweethub\backend\node_modules\mongodb\lib\operations\execute_operation.js:75:16)
    at async Collection.insertOne (C:\Users\Administrator\Desktop\sweethub_6\sweethub\backend\node_modules\mongodb\lib\collection.js:157:16)
2026-04-07T09:38:57.551Z - CopyProducts Error: Failed to process product: sweet (SKU: i13di) - MongoServerError: E11000 duplicate key error collection: test.products index: sku_1_admin_1 dup key: { sku: "i13di", admin: null }
    at InsertOneOperation.execute (C:\Users\Administrator\Desktop\sweethub_6\sweethub\backend\node_modules\mongodb\lib\operations\insert.js:51:19)
    at process.processTicksAndRejections (node:internal/process/task_queues:105:5)
    at async tryOperation (C:\Users\Administrator\Desktop\sweethub_6\sweethub\backend\node_modules\mongodb\lib\operations\execute_operation.js:207:20)
    at async executeOperation (C:\Users\Administrator\Desktop\sweethub_6\sweethub\backend\node_modules\mongodb\lib\operations\execute_operation.js:75:16)
    at async Collection.insertOne (C:\Users\Administrator\Desktop\sweethub_6\sweethub\backend\node_modules\mongodb\lib\collection.js:157:16)
2026-04-07T09:38:57.633Z - CopyProducts Error: Failed to process product: laddu (SKU: lad) - MongoServerError: E11000 duplicate key error collection: test.products index: sku_1_admin_1 dup key: { sku: "lad", admin: null }
    at InsertOneOperation.execute (C:\Users\Administrator\Desktop\sweethub_6\sweethub\backend\node_modules\mongodb\lib\operations\insert.js:51:19)
    at process.processTicksAndRejections (node:internal/process/task_queues:105:5)
    at async tryOperation (C:\Users\Administrator\Desktop\sweethub_6\sweethub\backend\node_modules\mongodb\lib\operations\execute_operation.js:207:20)
    at async executeOperation (C:\Users\Administrator\Desktop\sweethub_6\sweethub\backend\node_modules\mongodb\lib\operations\execute_operation.js:75:16)
    at async Collection.insertOne (C:\Users\Administrator\Desktop\sweethub_6\sweethub\backend\node_modules\mongodb\lib\collection.js:157:16)
2026-04-07T09:38:57.716Z - CopyProducts Error: Failed to process product: bro (SKU: br) - MongoServerError: E11000 duplicate key error collection: test.products index: sku_1_admin_1 dup key: { sku: "br", admin: null }
    at InsertOneOperation.execute (C:\Users\Administrator\Desktop\sweethub_6\sweethub\backend\node_modules\mongodb\lib\operations\insert.js:51:19)
    at process.processTicksAndRejections (node:internal/process/task_queues:105:5)
    at async tryOperation (C:\Users\Administrator\Desktop\sweethub_6\sweethub\backend\node_modules\mongodb\lib\operations\execute_operation.js:207:20)
    at async executeOperation (C:\Users\Administrator\Desktop\sweethub_6\sweethub\backend\node_modules\mongodb\lib\operations\execute_operation.js:75:16)
    at async Collection.insertOne (C:\Users\Administrator\Desktop\sweethub_6\sweethub\backend\node_modules\mongodb\lib\collection.js:157:16)
2026-04-07T09:38:57.798Z - CopyProducts Error: Failed to process product: biriyani (SKU: bir) - MongoServerError: E11000 duplicate key error collection: test.products index: sku_1_admin_1 dup key: { sku: "bir", admin: null }
    at InsertOneOperation.execute (C:\Users\Administrator\Desktop\sweethub_6\sweethub\backend\node_modules\mongodb\lib\operations\insert.js:51:19)
    at process.processTicksAndRejections (node:internal/process/task_queues:105:5)
    at async tryOperation (C:\Users\Administrator\Desktop\sweethub_6\sweethub\backend\node_modules\mongodb\lib\operations\execute_operation.js:207:20)
    at async executeOperation (C:\Users\Administrator\Desktop\sweethub_6\sweethub\backend\node_modules\mongodb\lib\operations\execute_operation.js:75:16)
    at async Collection.insertOne (C:\Users\Administrator\Desktop\sweethub_6\sweethub\backend\node_modules\mongodb\lib\collection.js:157:16)
2026-04-07T09:38:57.879Z - CopyProducts Error: Failed to process product: infant (SKU: EO35) - MongoServerError: E11000 duplicate key error collection: test.products index: sku_1_admin_1 dup key: { sku: "EO35", admin: null }
    at InsertOneOperation.execute (C:\Users\Administrator\Desktop\sweethub_6\sweethub\backend\node_modules\mongodb\lib\operations\insert.js:51:19)
    at process.processTicksAndRejections (node:internal/process/task_queues:105:5)
    at async tryOperation (C:\Users\Administrator\Desktop\sweethub_6\sweethub\backend\node_modules\mongodb\lib\operations\execute_operation.js:207:20)
    at async executeOperation (C:\Users\Administrator\Desktop\sweethub_6\sweethub\backend\node_modules\mongodb\lib\operations\execute_operation.js:75:16)
    at async Collection.insertOne (C:\Users\Administrator\Desktop\sweethub_6\sweethub\backend\node_modules\mongodb\lib\collection.js:157:16)
2026-04-07T09:38:57.959Z - CopyProducts Error: Failed to process product: leena (SKU: IP) - MongoServerError: E11000 duplicate key error collection: test.products index: sku_1_admin_1 dup key: { sku: "IP", admin: null }
    at InsertOneOperation.execute (C:\Users\Administrator\Desktop\sweethub_6\sweethub\backend\node_modules\mongodb\lib\operations\insert.js:51:19)
    at process.processTicksAndRejections (node:internal/process/task_queues:105:5)
    at async tryOperation (C:\Users\Administrator\Desktop\sweethub_6\sweethub\backend\node_modules\mongodb\lib\operations\execute_operation.js:207:20)
    at async executeOperation (C:\Users\Administrator\Desktop\sweethub_6\sweethub\backend\node_modules\mongodb\lib\operations\execute_operation.js:75:16)
    at async Collection.insertOne (C:\Users\Administrator\Desktop\sweethub_6\sweethub\backend\node_modules\mongodb\lib\collection.js:157:16)
2026-04-07T09:38:58.042Z - CopyProducts Error: Failed to process product: sandy (SKU: qq) - MongoServerError: E11000 duplicate key error collection: test.products index: sku_1_admin_1 dup key: { sku: "qq", admin: null }
    at InsertOneOperation.execute (C:\Users\Administrator\Desktop\sweethub_6\sweethub\backend\node_modules\mongodb\lib\operations\insert.js:51:19)
    at process.processTicksAndRejections (node:internal/process/task_queues:105:5)
    at async tryOperation (C:\Users\Administrator\Desktop\sweethub_6\sweethub\backend\node_modules\mongodb\lib\operations\execute_operation.js:207:20)
    at async executeOperation (C:\Users\Administrator\Desktop\sweethub_6\sweethub\backend\node_modules\mongodb\lib\operations\execute_operation.js:75:16)
    at async Collection.insertOne (C:\Users\Administrator\Desktop\sweethub_6\sweethub\backend\node_modules\mongodb\lib\collection.js:157:16)
2026-04-07T09:38:58.124Z - CopyProducts Error: Failed to process product: Banlal Ram (SKU: ML) - MongoServerError: E11000 duplicate key error collection: test.products index: sku_1_admin_1 dup key: { sku: "ML", admin: null }
    at InsertOneOperation.execute (C:\Users\Administrator\Desktop\sweethub_6\sweethub\backend\node_modules\mongodb\lib\operations\insert.js:51:19)
    at process.processTicksAndRejections (node:internal/process/task_queues:105:5)
    at async tryOperation (C:\Users\Administrator\Desktop\sweethub_6\sweethub\backend\node_modules\mongodb\lib\operations\execute_operation.js:207:20)
    at async executeOperation (C:\Users\Administrator\Desktop\sweethub_6\sweethub\backend\node_modules\mongodb\lib\operations\execute_operation.js:75:16)
    at async Collection.insertOne (C:\Users\Administrator\Desktop\sweethub_6\sweethub\backend\node_modules\mongodb\lib\collection.js:157:16)
2026-04-07T09:38:58.207Z - CopyProducts Error: Failed to process product: sam (SKU: PROD-17734666240) - MongoServerError: E11000 duplicate key error collection: test.products index: sku_1_admin_1 dup key: { sku: "PROD-17734666240", admin: null }
    at InsertOneOperation.execute (C:\Users\Administrator\Desktop\sweethub_6\sweethub\backend\node_modules\mongodb\lib\operations\insert.js:51:19)
    at process.processTicksAndRejections (node:internal/process/task_queues:105:5)
    at async tryOperation (C:\Users\Administrator\Desktop\sweethub_6\sweethub\backend\node_modules\mongodb\lib\operations\execute_operation.js:207:20)
    at async executeOperation (C:\Users\Administrator\Desktop\sweethub_6\sweethub\backend\node_modules\mongodb\lib\operations\execute_operation.js:75:16)
    at async Collection.insertOne (C:\Users\Administrator\Desktop\sweethub_6\sweethub\backend\node_modules\mongodb\lib\collection.js:157:16)
2026-04-07T09:40:12.458Z - CopyProducts Error: Failed to process product: laddu (SKU: lad) - MongoServerError: E11000 duplicate key error collection: test.products index: sku_1_admin_1 dup key: { sku: "lad", admin: null }
    at InsertOneOperation.execute (C:\Users\Administrator\Desktop\sweethub_6\sweethub\backend\node_modules\mongodb\lib\operations\insert.js:51:19)
    at process.processTicksAndRejections (node:internal/process/task_queues:105:5)
    at async tryOperation (C:\Users\Administrator\Desktop\sweethub_6\sweethub\backend\node_modules\mongodb\lib\operations\execute_operation.js:207:20)
    at async executeOperation (C:\Users\Administrator\Desktop\sweethub_6\sweethub\backend\node_modules\mongodb\lib\operations\execute_operation.js:75:16)
    at async Collection.insertOne (C:\Users\Administrator\Desktop\sweethub_6\sweethub\backend\node_modules\mongodb\lib\collection.js:157:16)
2026-04-07T09:40:12.538Z - CopyProducts Error: Failed to process product: kesar (SKU: kes) - MongoServerError: E11000 duplicate key error collection: test.products index: sku_1_admin_1 dup key: { sku: "kes", admin: null }
    at InsertOneOperation.execute (C:\Users\Administrator\Desktop\sweethub_6\sweethub\backend\node_modules\mongodb\lib\operations\insert.js:51:19)
    at process.processTicksAndRejections (node:internal/process/task_queues:105:5)
    at async tryOperation (C:\Users\Administrator\Desktop\sweethub_6\sweethub\backend\node_modules\mongodb\lib\operations\execute_operation.js:207:20)
    at async executeOperation (C:\Users\Administrator\Desktop\sweethub_6\sweethub\backend\node_modules\mongodb\lib\operations\execute_operation.js:75:16)
    at async Collection.insertOne (C:\Users\Administrator\Desktop\sweethub_6\sweethub\backend\node_modules\mongodb\lib\collection.js:157:16)
2026-04-07T09:40:12.615Z - CopyProducts Error: Failed to process product: katli (SKU: kat) - MongoServerError: E11000 duplicate key error collection: test.products index: sku_1_admin_1 dup key: { sku: "kat", admin: null }
    at InsertOneOperation.execute (C:\Users\Administrator\Desktop\sweethub_6\sweethub\backend\node_modules\mongodb\lib\operations\insert.js:51:19)
    at process.processTicksAndRejections (node:internal/process/task_queues:105:5)
    at async tryOperation (C:\Users\Administrator\Desktop\sweethub_6\sweethub\backend\node_modules\mongodb\lib\operations\execute_operation.js:207:20)
    at async executeOperation (C:\Users\Administrator\Desktop\sweethub_6\sweethub\backend\node_modules\mongodb\lib\operations\execute_operation.js:75:16)
    at async Collection.insertOne (C:\Users\Administrator\Desktop\sweethub_6\sweethub\backend\node_modules\mongodb\lib\collection.js:157:16)
2026-04-07T09:40:12.698Z - CopyProducts Error: Failed to process product: kaju (SKU: kli) - MongoServerError: E11000 duplicate key error collection: test.products index: sku_1_admin_1 dup key: { sku: "kli", admin: null }
    at InsertOneOperation.execute (C:\Users\Administrator\Desktop\sweethub_6\sweethub\backend\node_modules\mongodb\lib\operations\insert.js:51:19)
    at process.processTicksAndRejections (node:internal/process/task_queues:105:5)
    at async tryOperation (C:\Users\Administrator\Desktop\sweethub_6\sweethub\backend\node_modules\mongodb\lib\operations\execute_operation.js:207:20)
    at async executeOperation (C:\Users\Administrator\Desktop\sweethub_6\sweethub\backend\node_modules\mongodb\lib\operations\execute_operation.js:75:16)
    at async Collection.insertOne (C:\Users\Administrator\Desktop\sweethub_6\sweethub\backend\node_modules\mongodb\lib\collection.js:157:16)
2026-04-07T09:40:12.779Z - CopyProducts Error: Failed to process product: kattari (SKU: katri) - MongoServerError: E11000 duplicate key error collection: test.products index: sku_1_admin_1 dup key: { sku: "katri", admin: null }
    at InsertOneOperation.execute (C:\Users\Administrator\Desktop\sweethub_6\sweethub\backend\node_modules\mongodb\lib\operations\insert.js:51:19)
    at process.processTicksAndRejections (node:internal/process/task_queues:105:5)
    at async tryOperation (C:\Users\Administrator\Desktop\sweethub_6\sweethub\backend\node_modules\mongodb\lib\operations\execute_operation.js:207:20)
    at async executeOperation (C:\Users\Administrator\Desktop\sweethub_6\sweethub\backend\node_modules\mongodb\lib\operations\execute_operation.js:75:16)
    at async Collection.insertOne (C:\Users\Administrator\Desktop\sweethub_6\sweethub\backend\node_modules\mongodb\lib\collection.js:157:16)
2026-04-07T09:40:12.858Z - CopyProducts Error: Failed to process product: white (SKU: cks) - MongoServerError: E11000 duplicate key error collection: test.products index: sku_1_admin_1 dup key: { sku: "cks", admin: null }
    at InsertOneOperation.execute (C:\Users\Administrator\Desktop\sweethub_6\sweethub\backend\node_modules\mongodb\lib\operations\insert.js:51:19)
    at process.processTicksAndRejections (node:internal/process/task_queues:105:5)
    at async tryOperation (C:\Users\Administrator\Desktop\sweethub_6\sweethub\backend\node_modules\mongodb\lib\operations\execute_operation.js:207:20)
    at async executeOperation (C:\Users\Administrator\Desktop\sweethub_6\sweethub\backend\node_modules\mongodb\lib\operations\execute_operation.js:75:16)
    at async Collection.insertOne (C:\Users\Administrator\Desktop\sweethub_6\sweethub\backend\node_modules\mongodb\lib\collection.js:157:16)
2026-04-07T09:40:12.976Z - CopyProducts Error: Failed to process product: orange (SKU: cksd) - MongoServerError: E11000 duplicate key error collection: test.products index: sku_1_admin_1 dup key: { sku: "cksd", admin: null }
    at InsertOneOperation.execute (C:\Users\Administrator\Desktop\sweethub_6\sweethub\backend\node_modules\mongodb\lib\operations\insert.js:51:19)
    at process.processTicksAndRejections (node:internal/process/task_queues:105:5)
    at async tryOperation (C:\Users\Administrator\Desktop\sweethub_6\sweethub\backend\node_modules\mongodb\lib\operations\execute_operation.js:207:20)
    at async executeOperation (C:\Users\Administrator\Desktop\sweethub_6\sweethub\backend\node_modules\mongodb\lib\operations\execute_operation.js:75:16)
    at async Collection.insertOne (C:\Users\Administrator\Desktop\sweethub_6\sweethub\backend\node_modules\mongodb\lib\collection.js:157:16)
2026-04-07T09:40:13.054Z - CopyProducts Error: Failed to process product: pre-sweets (SKU: cksas) - MongoServerError: E11000 duplicate key error collection: test.products index: sku_1_admin_1 dup key: { sku: "cksas", admin: null }
    at InsertOneOperation.execute (C:\Users\Administrator\Desktop\sweethub_6\sweethub\backend\node_modules\mongodb\lib\operations\insert.js:51:19)
    at process.processTicksAndRejections (node:internal/process/task_queues:105:5)
    at async tryOperation (C:\Users\Administrator\Desktop\sweethub_6\sweethub\backend\node_modules\mongodb\lib\operations\execute_operation.js:207:20)
    at async executeOperation (C:\Users\Administrator\Desktop\sweethub_6\sweethub\backend\node_modules\mongodb\lib\operations\execute_operation.js:75:16)
    at async Collection.insertOne (C:\Users\Administrator\Desktop\sweethub_6\sweethub\backend\node_modules\mongodb\lib\collection.js:157:16)
2026-04-07T09:40:13.134Z - CopyProducts Error: Failed to process product: burger (SKU: bg) - MongoServerError: E11000 duplicate key error collection: test.products index: sku_1_admin_1 dup key: { sku: "bg", admin: null }
    at InsertOneOperation.execute (C:\Users\Administrator\Desktop\sweethub_6\sweethub\backend\node_modules\mongodb\lib\operations\insert.js:51:19)
    at process.processTicksAndRejections (node:internal/process/task_queues:105:5)
    at async tryOperation (C:\Users\Administrator\Desktop\sweethub_6\sweethub\backend\node_modules\mongodb\lib\operations\execute_operation.js:207:20)
    at async executeOperation (C:\Users\Administrator\Desktop\sweethub_6\sweethub\backend\node_modules\mongodb\lib\operations\execute_operation.js:75:16)
    at async Collection.insertOne (C:\Users\Administrator\Desktop\sweethub_6\sweethub\backend\node_modules\mongodb\lib\collection.js:157:16)
2026-04-07T09:40:13.213Z - CopyProducts Error: Failed to process product: bro (SKU: br) - MongoServerError: E11000 duplicate key error collection: test.products index: sku_1_admin_1 dup key: { sku: "br", admin: null }
    at InsertOneOperation.execute (C:\Users\Administrator\Desktop\sweethub_6\sweethub\backend\node_modules\mongodb\lib\operations\insert.js:51:19)
    at process.processTicksAndRejections (node:internal/process/task_queues:105:5)
    at async tryOperation (C:\Users\Administrator\Desktop\sweethub_6\sweethub\backend\node_modules\mongodb\lib\operations\execute_operation.js:207:20)
    at async executeOperation (C:\Users\Administrator\Desktop\sweethub_6\sweethub\backend\node_modules\mongodb\lib\operations\execute_operation.js:75:16)
    at async Collection.insertOne (C:\Users\Administrator\Desktop\sweethub_6\sweethub\backend\node_modules\mongodb\lib\collection.js:157:16)
2026-04-07T09:40:13.295Z - CopyProducts Error: Failed to process product: DAL MIXTURE (SKU: PROD-1773128098090-937) - MongoServerError: E11000 duplicate key error collection: test.products index: sku_1_admin_1 dup key: { sku: "PROD-1773128098090-937", admin: null }
    at InsertOneOperation.execute (C:\Users\Administrator\Desktop\sweethub_6\sweethub\backend\node_modules\mongodb\lib\operations\insert.js:51:19)
    at process.processTicksAndRejections (node:internal/process/task_queues:105:5)
    at async tryOperation (C:\Users\Administrator\Desktop\sweethub_6\sweethub\backend\node_modules\mongodb\lib\operations\execute_operation.js:207:20)
    at async executeOperation (C:\Users\Administrator\Desktop\sweethub_6\sweethub\backend\node_modules\mongodb\lib\operations\execute_operation.js:75:16)
    at async Collection.insertOne (C:\Users\Administrator\Desktop\sweethub_6\sweethub\backend\node_modules\mongodb\lib\collection.js:157:16)
2026-04-07T09:40:13.374Z - CopyProducts Error: Failed to process product: cakes (SKU: PROD-1773205338667-253) - MongoServerError: E11000 duplicate key error collection: test.products index: sku_1_admin_1 dup key: { sku: "PROD-1773205338667-253", admin: null }
    at InsertOneOperation.execute (C:\Users\Administrator\Desktop\sweethub_6\sweethub\backend\node_modules\mongodb\lib\operations\insert.js:51:19)
    at process.processTicksAndRejections (node:internal/process/task_queues:105:5)
    at async tryOperation (C:\Users\Administrator\Desktop\sweethub_6\sweethub\backend\node_modules\mongodb\lib\operations\execute_operation.js:207:20)
    at async executeOperation (C:\Users\Administrator\Desktop\sweethub_6\sweethub\backend\node_modules\mongodb\lib\operations\execute_operation.js:75:16)
    at async Collection.insertOne (C:\Users\Administrator\Desktop\sweethub_6\sweethub\backend\node_modules\mongodb\lib\collection.js:157:16)
2026-04-07T09:40:13.452Z - CopyProducts Error: Failed to process product: milk (SKU: PR) - MongoServerError: E11000 duplicate key error collection: test.products index: sku_1_admin_1 dup key: { sku: "PR", admin: null }
    at InsertOneOperation.execute (C:\Users\Administrator\Desktop\sweethub_6\sweethub\backend\node_modules\mongodb\lib\operations\insert.js:51:19)
    at process.processTicksAndRejections (node:internal/process/task_queues:105:5)
    at async tryOperation (C:\Users\Administrator\Desktop\sweethub_6\sweethub\backend\node_modules\mongodb\lib\operations\execute_operation.js:207:20)
    at async executeOperation (C:\Users\Administrator\Desktop\sweethub_6\sweethub\backend\node_modules\mongodb\lib\operations\execute_operation.js:75:16)
    at async Collection.insertOne (C:\Users\Administrator\Desktop\sweethub_6\sweethub\backend\node_modules\mongodb\lib\collection.js:157:16)
2026-04-07T09:40:13.532Z - CopyProducts Error: Failed to process product: laddu (SKU: la) - MongoServerError: E11000 duplicate key error collection: test.products index: sku_1_admin_1 dup key: { sku: "la", admin: null }
    at InsertOneOperation.execute (C:\Users\Administrator\Desktop\sweethub_6\sweethub\backend\node_modules\mongodb\lib\operations\insert.js:51:19)
    at process.processTicksAndRejections (node:internal/process/task_queues:105:5)
    at async tryOperation (C:\Users\Administrator\Desktop\sweethub_6\sweethub\backend\node_modules\mongodb\lib\operations\execute_operation.js:207:20)
    at async executeOperation (C:\Users\Administrator\Desktop\sweethub_6\sweethub\backend\node_modules\mongodb\lib\operations\execute_operation.js:75:16)
    at async Collection.insertOne (C:\Users\Administrator\Desktop\sweethub_6\sweethub\backend\node_modules\mongodb\lib\collection.js:157:16)
2026-04-07T09:40:13.611Z - CopyProducts Error: Failed to process product: got (SKU: ka) - MongoServerError: E11000 duplicate key error collection: test.products index: sku_1_admin_1 dup key: { sku: "ka", admin: null }
    at InsertOneOperation.execute (C:\Users\Administrator\Desktop\sweethub_6\sweethub\backend\node_modules\mongodb\lib\operations\insert.js:51:19)
    at process.processTicksAndRejections (node:internal/process/task_queues:105:5)
    at async tryOperation (C:\Users\Administrator\Desktop\sweethub_6\sweethub\backend\node_modules\mongodb\lib\operations\execute_operation.js:207:20)
    at async executeOperation (C:\Users\Administrator\Desktop\sweethub_6\sweethub\backend\node_modules\mongodb\lib\operations\execute_operation.js:75:16)
    at async Collection.insertOne (C:\Users\Administrator\Desktop\sweethub_6\sweethub\backend\node_modules\mongodb\lib\collection.js:157:16)
2026-04-07T09:40:13.692Z - CopyProducts Error: Failed to process product: e2 (SKU: PROD-) - MongoServerError: E11000 duplicate key error collection: test.products index: sku_1_admin_1 dup key: { sku: "PROD-", admin: null }
    at InsertOneOperation.execute (C:\Users\Administrator\Desktop\sweethub_6\sweethub\backend\node_modules\mongodb\lib\operations\insert.js:51:19)
    at process.processTicksAndRejections (node:internal/process/task_queues:105:5)
    at async tryOperation (C:\Users\Administrator\Desktop\sweethub_6\sweethub\backend\node_modules\mongodb\lib\operations\execute_operation.js:207:20)
    at async executeOperation (C:\Users\Administrator\Desktop\sweethub_6\sweethub\backend\node_modules\mongodb\lib\operations\execute_operation.js:75:16)
    at async Collection.insertOne (C:\Users\Administrator\Desktop\sweethub_6\sweethub\backend\node_modules\mongodb\lib\collection.js:157:16)
2026-04-07T09:40:13.770Z - CopyProducts Error: Failed to process product: f (SKU: bgi) - MongoServerError: E11000 duplicate key error collection: test.products index: sku_1_admin_1 dup key: { sku: "bgi", admin: null }
    at InsertOneOperation.execute (C:\Users\Administrator\Desktop\sweethub_6\sweethub\backend\node_modules\mongodb\lib\operations\insert.js:51:19)
    at process.processTicksAndRejections (node:internal/process/task_queues:105:5)
    at async tryOperation (C:\Users\Administrator\Desktop\sweethub_6\sweethub\backend\node_modules\mongodb\lib\operations\execute_operation.js:207:20)
    at async executeOperation (C:\Users\Administrator\Desktop\sweethub_6\sweethub\backend\node_modules\mongodb\lib\operations\execute_operation.js:75:16)
    at async Collection.insertOne (C:\Users\Administrator\Desktop\sweethub_6\sweethub\backend\node_modules\mongodb\lib\collection.js:157:16)
2026-04-07T09:40:13.849Z - CopyProducts Error: Failed to process product: i (SKU: P) - MongoServerError: E11000 duplicate key error collection: test.products index: sku_1_admin_1 dup key: { sku: "P", admin: null }
    at InsertOneOperation.execute (C:\Users\Administrator\Desktop\sweethub_6\sweethub\backend\node_modules\mongodb\lib\operations\insert.js:51:19)
    at process.processTicksAndRejections (node:internal/process/task_queues:105:5)
    at async tryOperation (C:\Users\Administrator\Desktop\sweethub_6\sweethub\backend\node_modules\mongodb\lib\operations\execute_operation.js:207:20)
    at async executeOperation (C:\Users\Administrator\Desktop\sweethub_6\sweethub\backend\node_modules\mongodb\lib\operations\execute_operation.js:75:16)
    at async Collection.insertOne (C:\Users\Administrator\Desktop\sweethub_6\sweethub\backend\node_modules\mongodb\lib\collection.js:157:16)
2026-04-07T09:40:13.926Z - CopyProducts Error: Failed to process product: biriyani (SKU: bir) - MongoServerError: E11000 duplicate key error collection: test.products index: sku_1_admin_1 dup key: { sku: "bir", admin: null }
    at InsertOneOperation.execute (C:\Users\Administrator\Desktop\sweethub_6\sweethub\backend\node_modules\mongodb\lib\operations\insert.js:51:19)
    at process.processTicksAndRejections (node:internal/process/task_queues:105:5)
    at async tryOperation (C:\Users\Administrator\Desktop\sweethub_6\sweethub\backend\node_modules\mongodb\lib\operations\execute_operation.js:207:20)
    at async executeOperation (C:\Users\Administrator\Desktop\sweethub_6\sweethub\backend\node_modules\mongodb\lib\operations\execute_operation.js:75:16)
    at async Collection.insertOne (C:\Users\Administrator\Desktop\sweethub_6\sweethub\backend\node_modules\mongodb\lib\collection.js:157:16)
2026-04-07T09:40:14.004Z - CopyProducts Error: Failed to process product: jam (SKU: PROD-1773) - MongoServerError: E11000 duplicate key error collection: test.products index: sku_1_admin_1 dup key: { sku: "PROD-1773", admin: null }
    at InsertOneOperation.execute (C:\Users\Administrator\Desktop\sweethub_6\sweethub\backend\node_modules\mongodb\lib\operations\insert.js:51:19)
    at process.processTicksAndRejections (node:internal/process/task_queues:105:5)
    at async tryOperation (C:\Users\Administrator\Desktop\sweethub_6\sweethub\backend\node_modules\mongodb\lib\operations\execute_operation.js:207:20)
    at async executeOperation (C:\Users\Administrator\Desktop\sweethub_6\sweethub\backend\node_modules\mongodb\lib\operations\execute_operation.js:75:16)
    at async Collection.insertOne (C:\Users\Administrator\Desktop\sweethub_6\sweethub\backend\node_modules\mongodb\lib\collection.js:157:16)
2026-04-07T09:40:14.084Z - CopyProducts Error: Failed to process product: MIXTURE (SKU: MIX) - MongoServerError: E11000 duplicate key error collection: test.products index: sku_1_admin_1 dup key: { sku: "MIX", admin: null }
    at InsertOneOperation.execute (C:\Users\Administrator\Desktop\sweethub_6\sweethub\backend\node_modules\mongodb\lib\operations\insert.js:51:19)
    at process.processTicksAndRejections (node:internal/process/task_queues:105:5)
    at async tryOperation (C:\Users\Administrator\Desktop\sweethub_6\sweethub\backend\node_modules\mongodb\lib\operations\execute_operation.js:207:20)
    at async executeOperation (C:\Users\Administrator\Desktop\sweethub_6\sweethub\backend\node_modules\mongodb\lib\operations\execute_operation.js:75:16)
    at async Collection.insertOne (C:\Users\Administrator\Desktop\sweethub_6\sweethub\backend\node_modules\mongodb\lib\collection.js:157:16)
2026-04-07T09:40:14.164Z - CopyProducts Error: Failed to process product: hell (SKU: PROD-1773128) - MongoServerError: E11000 duplicate key error collection: test.products index: sku_1_admin_1 dup key: { sku: "PROD-1773128", admin: null }
    at InsertOneOperation.execute (C:\Users\Administrator\Desktop\sweethub_6\sweethub\backend\node_modules\mongodb\lib\operations\insert.js:51:19)
    at process.processTicksAndRejections (node:internal/process/task_queues:105:5)
    at async tryOperation (C:\Users\Administrator\Desktop\sweethub_6\sweethub\backend\node_modules\mongodb\lib\operations\execute_operation.js:207:20)
    at async executeOperation (C:\Users\Administrator\Desktop\sweethub_6\sweethub\backend\node_modules\mongodb\lib\operations\execute_operation.js:75:16)
    at async Collection.insertOne (C:\Users\Administrator\Desktop\sweethub_6\sweethub\backend\node_modules\mongodb\lib\collection.js:157:16)
2026-04-07T09:40:14.242Z - CopyProducts Error: Failed to process product: heal (SKU: he) - MongoServerError: E11000 duplicate key error collection: test.products index: sku_1_admin_1 dup key: { sku: "he", admin: null }
    at InsertOneOperation.execute (C:\Users\Administrator\Desktop\sweethub_6\sweethub\backend\node_modules\mongodb\lib\operations\insert.js:51:19)
    at process.processTicksAndRejections (node:internal/process/task_queues:105:5)
    at async tryOperation (C:\Users\Administrator\Desktop\sweethub_6\sweethub\backend\node_modules\mongodb\lib\operations\execute_operation.js:207:20)
    at async executeOperation (C:\Users\Administrator\Desktop\sweethub_6\sweethub\backend\node_modules\mongodb\lib\operations\execute_operation.js:75:16)
    at async Collection.insertOne (C:\Users\Administrator\Desktop\sweethub_6\sweethub\backend\node_modules\mongodb\lib\collection.js:157:16)
2026-04-07T09:40:14.321Z - CopyProducts Error: Failed to process product: sam (SKU: PROD-17734666240) - MongoServerError: E11000 duplicate key error collection: test.products index: sku_1_admin_1 dup key: { sku: "PROD-17734666240", admin: null }
    at InsertOneOperation.execute (C:\Users\Administrator\Desktop\sweethub_6\sweethub\backend\node_modules\mongodb\lib\operations\insert.js:51:19)
    at process.processTicksAndRejections (node:internal/process/task_queues:105:5)
    at async tryOperation (C:\Users\Administrator\Desktop\sweethub_6\sweethub\backend\node_modules\mongodb\lib\operations\execute_operation.js:207:20)
    at async executeOperation (C:\Users\Administrator\Desktop\sweethub_6\sweethub\backend\node_modules\mongodb\lib\operations\execute_operation.js:75:16)
    at async Collection.insertOne (C:\Users\Administrator\Desktop\sweethub_6\sweethub\backend\node_modules\mongodb\lib\collection.js:157:16)
2026-04-07T09:40:14.401Z - CopyProducts Error: Failed to process product: alwa (SKU: PROD-1773495193196-819) - MongoServerError: E11000 duplicate key error collection: test.products index: sku_1_admin_1 dup key: { sku: "PROD-1773495193196-819", admin: null }
    at InsertOneOperation.execute (C:\Users\Administrator\Desktop\sweethub_6\sweethub\backend\node_modules\mongodb\lib\operations\insert.js:51:19)
    at process.processTicksAndRejections (node:internal/process/task_queues:105:5)
    at async tryOperation (C:\Users\Administrator\Desktop\sweethub_6\sweethub\backend\node_modules\mongodb\lib\operations\execute_operation.js:207:20)
    at async executeOperation (C:\Users\Administrator\Desktop\sweethub_6\sweethub\backend\node_modules\mongodb\lib\operations\execute_operation.js:75:16)
    at async Collection.insertOne (C:\Users\Administrator\Desktop\sweethub_6\sweethub\backend\node_modules\mongodb\lib\collection.js:157:16)
2026-04-07T09:40:14.478Z - CopyProducts Error: Failed to process product: hi (SKU: P73495193196-819) - MongoServerError: E11000 duplicate key error collection: test.products index: sku_1_admin_1 dup key: { sku: "P73495193196-819", admin: null }
    at InsertOneOperation.execute (C:\Users\Administrator\Desktop\sweethub_6\sweethub\backend\node_modules\mongodb\lib\operations\insert.js:51:19)
    at process.processTicksAndRejections (node:internal/process/task_queues:105:5)
    at async tryOperation (C:\Users\Administrator\Desktop\sweethub_6\sweethub\backend\node_modules\mongodb\lib\operations\execute_operation.js:207:20)
    at async executeOperation (C:\Users\Administrator\Desktop\sweethub_6\sweethub\backend\node_modules\mongodb\lib\operations\execute_operation.js:75:16)
    at async Collection.insertOne (C:\Users\Administrator\Desktop\sweethub_6\sweethub\backend\node_modules\mongodb\lib\collection.js:157:16)
2026-04-07T09:40:14.559Z - CopyProducts Error: Failed to process product: ora (SKU: cks1) - MongoServerError: E11000 duplicate key error collection: test.products index: sku_1_admin_1 dup key: { sku: "cks1", admin: null }
    at InsertOneOperation.execute (C:\Users\Administrator\Desktop\sweethub_6\sweethub\backend\node_modules\mongodb\lib\operations\insert.js:51:19)
    at process.processTicksAndRejections (node:internal/process/task_queues:105:5)
    at async tryOperation (C:\Users\Administrator\Desktop\sweethub_6\sweethub\backend\node_modules\mongodb\lib\operations\execute_operation.js:207:20)
    at async executeOperation (C:\Users\Administrator\Desktop\sweethub_6\sweethub\backend\node_modules\mongodb\lib\operations\execute_operation.js:75:16)
    at async Collection.insertOne (C:\Users\Administrator\Desktop\sweethub_6\sweethub\backend\node_modules\mongodb\lib\collection.js:157:16)
2026-04-07T09:40:14.641Z - CopyProducts Error: Failed to process product: MIX (SKU: PROD098090-937) - MongoServerError: E11000 duplicate key error collection: test.products index: sku_1_admin_1 dup key: { sku: "PROD098090-937", admin: null }
    at InsertOneOperation.execute (C:\Users\Administrator\Desktop\sweethub_6\sweethub\backend\node_modules\mongodb\lib\operations\insert.js:51:19)
    at process.processTicksAndRejections (node:internal/process/task_queues:105:5)
    at async tryOperation (C:\Users\Administrator\Desktop\sweethub_6\sweethub\backend\node_modules\mongodb\lib\operations\execute_operation.js:207:20)
    at async executeOperation (C:\Users\Administrator\Desktop\sweethub_6\sweethub\backend\node_modules\mongodb\lib\operations\execute_operation.js:75:16)
    at async Collection.insertOne (C:\Users\Administrator\Desktop\sweethub_6\sweethub\backend\node_modules\mongodb\lib\collection.js:157:16)
2026-04-07T09:40:14.718Z - CopyProducts Error: Failed to process product: kal (SKU: mi) - MongoServerError: E11000 duplicate key error collection: test.products index: sku_1_admin_1 dup key: { sku: "mi", admin: null }
    at InsertOneOperation.execute (C:\Users\Administrator\Desktop\sweethub_6\sweethub\backend\node_modules\mongodb\lib\operations\insert.js:51:19)
    at process.processTicksAndRejections (node:internal/process/task_queues:105:5)
    at async tryOperation (C:\Users\Administrator\Desktop\sweethub_6\sweethub\backend\node_modules\mongodb\lib\operations\execute_operation.js:207:20)
    at async executeOperation (C:\Users\Administrator\Desktop\sweethub_6\sweethub\backend\node_modules\mongodb\lib\operations\execute_operation.js:75:16)
    at async Collection.insertOne (C:\Users\Administrator\Desktop\sweethub_6\sweethub\backend\node_modules\mongodb\lib\collection.js:157:16)
2026-04-07T09:40:14.800Z - CopyProducts Error: Failed to process product: hiiiii (SKU: hi) - MongoServerError: E11000 duplicate key error collection: test.products index: sku_1_admin_1 dup key: { sku: "hi", admin: null }
    at InsertOneOperation.execute (C:\Users\Administrator\Desktop\sweethub_6\sweethub\backend\node_modules\mongodb\lib\operations\insert.js:51:19)
    at process.processTicksAndRejections (node:internal/process/task_queues:105:5)
    at async tryOperation (C:\Users\Administrator\Desktop\sweethub_6\sweethub\backend\node_modules\mongodb\lib\operations\execute_operation.js:207:20)
    at async executeOperation (C:\Users\Administrator\Desktop\sweethub_6\sweethub\backend\node_modules\mongodb\lib\operations\execute_operation.js:75:16)
    at async Collection.insertOne (C:\Users\Administrator\Desktop\sweethub_6\sweethub\backend\node_modules\mongodb\lib\collection.js:157:16)
2026-04-07T09:40:14.879Z - CopyProducts Error: Failed to process product: ragi mixture (SKU: ragi) - MongoServerError: E11000 duplicate key error collection: test.products index: sku_1_admin_1 dup key: { sku: "ragi", admin: null }
    at InsertOneOperation.execute (C:\Users\Administrator\Desktop\sweethub_6\sweethub\backend\node_modules\mongodb\lib\operations\insert.js:51:19)
    at process.processTicksAndRejections (node:internal/process/task_queues:105:5)
    at async tryOperation (C:\Users\Administrator\Desktop\sweethub_6\sweethub\backend\node_modules\mongodb\lib\operations\execute_operation.js:207:20)
    at async executeOperation (C:\Users\Administrator\Desktop\sweethub_6\sweethub\backend\node_modules\mongodb\lib\operations\execute_operation.js:75:16)
    at async Collection.insertOne (C:\Users\Administrator\Desktop\sweethub_6\sweethub\backend\node_modules\mongodb\lib\collection.js:157:16)
